,job_id,mat,tkz_path,is_bpe,v_size,freq_cutoff,sim_cutoff,same_count_pos,same_count_neg,sibling_count_pos,sibling_count_neg
0,0,blosum62,hf_uniref50_mutbpe_0.7_3_12_0_800.json,False,800,0,0.7,106479,70887,2939,1206
1,1,blosum62,hf_uniref50_mutbpe_0.7_3_12_0.1_51200.json,False,51200,0.1,0.7,96040,62329,10870,4463
2,2,blosum62,hf_uniref50_mutbpe_0.8_3_12_0.2_1600.json,False,1600,0.2,0.8,108055,71574,1516,526
3,3,blosum62,hf_uniref50_mutbpe_0.8_3_12_0.2_51200.json,False,51200,0.2,0.8,94573,61844,5391,1833
4,4,blosum62,hf_uniref50_mutbpe_0.8_3_12_0.005_800.json,False,800,0.005,0.8,110210,73335,1079,382
5,5,blosum62,hf_uniref50_mutbpe_0.9_3_12_0_800.json,False,800,0,0.9,112948,75422,232,43
6,6,blosum62,hf_uniref50_mutbpe_0.9_3_12_0.005_1600.json,False,1600,0.005,0.9,112065,74335,474,76
7,7,blosum62,hf_uniref50_mutbpe_0.9_3_12_0.05_800.json,False,800,0.05,0.9,112948,75422,232,43
8,8,blosum62,hf_uniref50_mutbpe_0.9_3_12_0.1_51200.json,False,51200,0.1,0.9,96227,62432,1356,284
9,9,blosum62,hf_uniref50_mutbpe_0.7_3_12_0.05_51200.json,False,51200,0.05,0.7,95587,61671,11019,4568
10,10,blosum62,hf_uniref50_mutbpe_0.8_3_12_0.1_1600.json,False,1600,0.1,0.8,107561,71207,1875,656
11,11,blosum62,hf_uniref50_mutbpe_0.7_3_12_0.1_800.json,False,800,0.1,0.7,105624,70336,3295,1332
12,12,blosum62,hf_uniref50_mutbpe_0.7_3_12_0.1_6400.json,False,6400,0.1,0.7,104656,69373,7980,3271
13,13,blosum62,hf_uniref50_mutbpe_0.8_3_12_0_12800.json,False,12800,0,0.8,99707,66219,4256,1480
14,14,blosum62,hf_uniref50_mutbpe_0.7_3_12_0_25600.json,False,25600,0,0.7,96850,63222,10078,4165
15,15,blosum62,hf_uniref50_mutbpe_0.8_3_12_0.005_12800.json,False,12800,0.005,0.8,99616,66083,4292,1493
16,16,blosum62,hf_uniref50_mutbpe_0.7_3_12_0.1_3200.json,False,3200,0.1,0.7,105962,70569,6867,2734
17,17,blosum62,hf_uniref50_mutbpe_0.7_3_12_0.2_3200.json,False,3200,0.2,0.7,107237,71131,6188,2492
18,18,blosum62,hf_uniref50_mutbpe_0.9_3_12_0.2_800.json,False,800,0.2,0.9,112931,75405,231,41
19,19,blosum62,hf_uniref50_mutbpe_0.9_3_12_0.05_12800.json,False,12800,0.05,0.9,101305,67083,984,206
20,20,blosum62,hf_uniref50_mutbpe_0.7_3_12_0.005_51200.json,False,51200,0.005,0.7,95570,61566,10965,4521
21,21,blosum62,hf_uniref50_mutbpe_0.7_3_12_0_1600.json,False,1600,0,0.7,104025,69067,4873,1974
22,22,blosum62,hf_uniref50_mutbpe_0.8_3_12_0_800.json,False,800,0,0.8,110176,73283,1073,379
23,23,blosum62,hf_uniref50_mutbpe_0.7_3_12_0.2_6400.json,False,6400,0.2,0.7,104577,69217,7191,3013
24,24,blosum62,hf_uniref50_mutbpe_0.7_3_12_0_51200.json,False,51200,0,0.7,95504,61548,10947,4513
25,25,blosum62,hf_uniref50_mutbpe_0.7_3_12_0.05_800.json,False,800,0.05,0.7,106456,70872,3104,1276
26,26,blosum62,hf_uniref50_mutbpe_0.8_3_12_0.05_3200.json,False,3200,0.05,0.8,109129,72690,2629,905
27,27,blosum62,hf_uniref50_mutbpe_0.7_3_12_0.005_25600.json,False,25600,0.005,0.7,96841,63211,10090,4175
28,28,blosum62,hf_uniref50_mutbpe_0.8_3_12_0.005_1600.json,False,1600,0.005,0.8,107536,71152,1863,648
29,29,blosum62,hf_uniref50_mutbpe_0.8_3_12_0.05_6400.json,False,6400,0.05,0.8,105288,69963,3484,1185
30,30,blosum62,hf_uniref50_mutbpe_0.9_3_12_0_3200.json,False,3200,0,0.9,113048,75243,596,106
31,31,blosum62,hf_uniref50_mutbpe_0.9_3_12_0_12800.json,False,12800,0,0.9,101402,67086,986,207
32,32,blosum62,hf_uniref50_mutbpe_0.8_3_12_0.1_12800.json,False,12800,0.1,0.8,98875,65739,4373,1534
33,33,blosum62,hf_uniref50_mutbpe_0.7_3_12_0.1_25600.json,False,25600,0.1,0.7,96716,63453,10104,4235
34,34,blosum62,hf_uniref50_mutbpe_0.9_3_12_0.2_6400.json,False,6400,0.2,0.9,106899,71242,740,152
35,35,blosum62,hf_uniref50_mutbpe_0.9_3_12_0.2_3200.json,False,3200,0.2,0.9,112880,75261,584,104
36,36,blosum62,hf_uniref50_mutbpe_0.7_3_12_0.2_12800.json,False,12800,0.2,0.7,99080,65269,8341,3472
37,37,blosum62,hf_uniref50_mutbpe_0.8_3_12_0.2_25600.json,False,25600,0.2,0.8,95562,62973,4725,1596
38,38,blosum62,hf_uniref50_mutbpe_0.9_3_12_0.005_12800.json,False,12800,0.005,0.9,101393,67090,986,207
39,39,blosum62,hf_uniref50_mutbpe_0.9_3_12_0.05_1600.json,False,1600,0.05,0.9,112065,74335,474,76
40,40,blosum62,hf_uniref50_mutbpe_0.9_3_12_0_6400.json,False,6400,0,0.9,107235,71247,759,162
41,41,blosum62,hf_uniref50_mutbpe_0.7_3_12_0.005_3200.json,False,3200,0.005,0.7,105655,69891,6574,2613
42,42,blosum62,hf_uniref50_mutbpe_0.9_3_12_0.1_3200.json,False,3200,0.1,0.9,112858,75149,594,105
43,43,blosum62,hf_uniref50_mutbpe_0.9_3_12_0.1_25600.json,False,25600,0.1,0.9,97691,63979,1181,247
44,44,blosum62,hf_uniref50_mutbpe_0.8_3_12_0_3200.json,False,3200,0,0.8,109057,72667,2593,883
45,45,blosum62,hf_uniref50_mutbpe_0.8_3_12_0.05_12800.json,False,12800,0.05,0.8,99153,65721,4407,1532
46,46,blosum62,hf_uniref50_mutbpe_0.9_3_12_0.2_12800.json,False,12800,0.2,0.9,101121,67354,936,192
47,47,blosum62,hf_uniref50_mutbpe_0.8_3_12_0.2_800.json,False,800,0.2,0.8,110455,73626,805,291
48,48,blosum62,hf_uniref50_mutbpe_0.8_3_12_0_6400.json,False,6400,0,0.8,105726,70351,3370,1136
49,49,blosum62,hf_uniref50_mutbpe_0.7_3_12_0.05_1600.json,False,1600,0.05,0.7,104914,69592,5067,2038
50,50,blosum62,hf_uniref50_mutbpe_0.9_3_12_0.1_6400.json,False,6400,0.1,0.9,106926,71168,754,160
51,51,blosum62,hf_uniref50_mutbpe_0.7_3_12_0.005_6400.json,False,6400,0.005,0.7,104854,69020,7708,3203
52,52,blosum62,hf_uniref50_mutbpe_0.7_3_12_0.05_25600.json,False,25600,0.05,0.7,96298,62784,10191,4279
53,53,blosum62,hf_uniref50_mutbpe_0.8_3_12_0.2_3200.json,False,3200,0.2,0.8,109573,73019,2212,716
54,54,blosum62,hf_uniref50_mutbpe_0.7_3_12_0_12800.json,False,12800,0,0.7,100212,65658,8827,3634
55,55,blosum62,hf_uniref50_mutbpe_0.8_3_12_0_25600.json,False,25600,0,0.8,95488,63194,5327,1834
56,56,blosum62,hf_uniref50_mutbpe_0.8_3_12_0.005_25600.json,False,25600,0.005,0.8,95529,63186,5335,1837
57,57,blosum62,hf_uniref50_mutbpe_0.8_3_12_0.1_800.json,False,800,0.1,0.8,110053,73128,1082,392
58,58,blosum62,hf_uniref50_mutbpe_0.8_3_12_0.2_6400.json,False,6400,0.2,0.8,105225,69891,2941,957
59,59,blosum62,hf_uniref50_mutbpe_0.8_3_12_0.1_6400.json,False,6400,0.1,0.8,105073,69993,3465,1183
60,60,blosum62,hf_uniref50_mutbpe_0.9_3_12_0.005_3200.json,False,3200,0.005,0.9,112999,75183,596,106
61,61,blosum62,hf_uniref50_mutbpe_0.9_3_12_0.05_25600.json,False,25600,0.05,0.9,98002,64158,1201,251
62,62,blosum62,hf_uniref50_mutbpe_0.9_3_12_0.005_6400.json,False,6400,0.005,0.9,107206,71239,759,162
63,63,blosum62,hf_uniref50_mutbpe_0.8_3_12_0.1_3200.json,False,3200,0.1,0.8,109013,72659,2623,906
64,64,blosum62,hf_uniref50_mutbpe_0.7_3_12_0.2_51200.json,False,51200,0.2,0.7,95615,62323,9838,4033
65,65,blosum62,hf_uniref50_mutbpe_0.9_3_12_0.005_51200.json,False,51200,0.005,0.9,96421,62805,1424,305
66,66,blosum62,hf_uniref50_mutbpe_0.9_3_12_0.005_800.json,False,800,0.005,0.9,112948,75422,232,43
67,67,blosum62,hf_uniref50_mutbpe_0.7_3_12_0.1_1600.json,False,1600,0.1,0.7,104464,69427,5190,2084
68,68,blosum62,hf_uniref50_mutbpe_0.9_3_12_0_51200.json,False,51200,0,0.9,96321,62739,1422,305
69,69,blosum62,hf_uniref50_mutbpe_0.8_3_12_0.1_51200.json,False,51200,0.1,0.8,94803,61784,6111,2161
70,70,blosum62,hf_uniref50_mutbpe_0.8_3_12_0.05_51200.json,False,51200,0.05,0.8,94952,61675,6167,2131
71,71,blosum62,hf_uniref50_mutbpe_0.7_3_12_0_3200.json,False,3200,0,0.7,106000,70124,6506,2596
72,72,blosum62,hf_uniref50_mutbpe_0.9_3_12_0.2_51200.json,False,51200,0.2,0.9,96197,62602,1264,280
73,73,blosum62,hf_uniref50_mutbpe_0.7_3_12_0.2_1600.json,False,1600,0.2,0.7,106451,70663,4598,1854
74,74,blosum62,hf_uniref50_mutbpe_0.7_3_12_0.005_800.json,False,800,0.005,0.7,106276,70761,3001,1223
75,75,blosum62,hf_uniref50_mutbpe_0.7_3_12_0_6400.json,False,6400,0,0.7,105017,69085,7640,3138
76,76,blosum62,hf_uniref50_mutbpe_0.9_3_12_0.1_800.json,False,800,0.1,0.9,112948,75422,232,43
77,77,blosum62,hf_uniref50_mutbpe_0.8_3_12_0.2_12800.json,False,12800,0.2,0.8,98563,65617,3853,1324
78,78,blosum62,hf_uniref50_mutbpe_0.7_3_12_0.2_25600.json,False,25600,0.2,0.7,96287,63289,9177,3757
79,79,blosum62,hf_uniref50_mutbpe_0.9_3_12_0.005_25600.json,False,25600,0.005,0.9,98198,64122,1200,252
80,80,blosum62,hf_uniref50_mutbpe_0.9_3_12_0_25600.json,False,25600,0,0.9,98223,64136,1200,252
81,81,blosum62,hf_uniref50_mutbpe_0.7_3_12_0.1_12800.json,False,12800,0.1,0.7,99040,65154,9151,3778
82,82,blosum62,hf_uniref50_mutbpe_0.8_3_12_0.1_25600.json,False,25600,0.1,0.8,95396,62954,5387,1874
83,83,blosum62,hf_uniref50_mutbpe_0.7_3_12_0.05_12800.json,False,12800,0.05,0.7,99420,64722,9075,3796
84,84,blosum62,hf_uniref50_mutbpe_0.8_3_12_0.005_6400.json,False,6400,0.005,0.8,105737,70319,3402,1143
85,85,blosum62,hf_uniref50_mutbpe_0.9_3_12_0.2_25600.json,False,25600,0.2,0.9,97955,64357,1132,233
86,86,blosum62,hf_uniref50_mutbpe_0.7_3_12_0.2_800.json,False,800,0.2,0.7,106627,71008,2905,1180
87,87,blosum62,hf_uniref50_mutbpe_0.8_3_12_0.05_25600.json,False,25600,0.05,0.8,95345,62756,5464,1868
88,88,blosum62,hf_uniref50_mutbpe_0.8_3_12_0.05_1600.json,False,1600,0.05,0.8,107622,71159,1890,657
89,89,blosum62,hf_uniref50_mutbpe_0.8_3_12_0.005_3200.json,False,3200,0.005,0.8,109098,72752,2615,888
90,90,blosum62,hf_uniref50_mutbpe_0.9_3_12_0.1_12800.json,False,12800,0.1,0.9,101071,67046,982,201
91,91,blosum62,hf_uniref50_mutbpe_0.8_3_12_0_51200.json,False,51200,0,0.8,94410,61752,6133,2128
92,92,blosum62,hf_uniref50_mutbpe_0.8_3_12_0.005_51200.json,False,51200,0.005,0.8,94468,61749,6118,2120
93,93,blosum62,hf_uniref50_mutbpe_0.9_3_12_0.05_6400.json,False,6400,0.05,0.9,107014,71169,757,161
94,94,blosum62,hf_uniref50_mutbpe_0.9_3_12_0_1600.json,False,1600,0,0.9,112065,74335,474,76
95,95,blosum62,hf_uniref50_mutbpe_0.9_3_12_0.05_3200.json,False,3200,0.05,0.9,112958,75159,596,106
96,96,blosum62,hf_uniref50_mutbpe_0.9_3_12_0.2_1600.json,False,1600,0.2,0.9,112159,74443,465,74
97,97,blosum62,hf_uniref50_mutbpe_0.8_3_12_0_1600.json,False,1600,0,0.8,107534,71185,1837,628
98,98,blosum62,hf_uniref50_mutbpe_0.7_3_12_0.05_6400.json,False,6400,0.05,0.7,104426,68873,7873,3262
99,99,blosum62,hf_uniref50_mutbpe_0.9_3_12_0.1_1600.json,False,1600,0.1,0.9,112066,74340,473,76
100,100,blosum62,hf_uniref50_mutbpe_0.7_3_12_0.005_1600.json,False,1600,0.005,0.7,104117,69101,4929,1990
101,101,blosum62,hf_uniref50_mutbpe_0.7_3_12_0.05_3200.json,False,3200,0.05,0.7,105813,70013,6701,2694
102,102,blosum62,hf_uniref50_mutbpe_0.8_3_12_0.05_800.json,False,800,0.05,0.8,110087,73241,1087,388
103,103,blosum62,hf_uniref50_mutbpe_0.9_3_12_0.05_51200.json,False,51200,0.05,0.9,96054,62541,1407,300
104,104,blosum62,hf_uniref50_mutbpe_0.7_3_12_0.005_12800.json,False,12800,0.005,0.7,99837,65330,8899,3683
105,105,pam250,hf_uniref50_mutbpe_0.8_3_12_0.05_800.json,False,800,0.05,0.8,107581,71904,4101,1890
106,106,pam250,hf_uniref50_mutbpe_0.9_3_12_0_3200.json,False,3200,0,0.9,108471,72546,3343,1554
107,107,pam250,hf_uniref50_mutbpe_0.9_3_12_0.005_3200.json,False,3200,0.005,0.9,108142,72394,3385,1567
108,108,pam250,hf_uniref50_mutbpe_0.8_3_12_0.2_51200.json,False,51200,0.2,0.8,95132,61404,13206,6558
109,109,pam250,hf_uniref50_mutbpe_0.9_3_12_0.1_1600.json,False,1600,0.1,0.9,107610,71989,2603,1211
110,110,pam250,hf_uniref50_mutbpe_0.9_3_12_0.005_6400.json,False,6400,0.005,0.9,105659,70377,4088,1980
111,111,pam250,hf_uniref50_mutbpe_0.9_3_12_0.05_25600.json,False,25600,0.05,0.9,94994,62551,6083,2929
112,112,pam250,hf_uniref50_mutbpe_0.9_3_12_0_6400.json,False,6400,0,0.9,105746,70446,4076,1969
113,113,pam250,hf_uniref50_mutbpe_0.9_3_12_0.2_1600.json,False,1600,0.2,0.9,107886,72038,2523,1177
114,114,pam250,hf_uniref50_mutbpe_0.8_3_12_0_3200.json,False,3200,0,0.8,105346,69196,8192,4074
115,115,pam250,hf_uniref50_mutbpe_0.8_3_12_0.005_51200.json,False,51200,0.005,0.8,93707,60772,14991,7487
116,116,pam250,hf_uniref50_mutbpe_0.8_3_12_0_6400.json,False,6400,0,0.8,105466,69073,9816,4957
117,117,pam250,hf_uniref50_mutbpe_0.9_3_12_0.1_51200.json,False,51200,0.1,0.9,94373,61442,6769,3241
118,118,pam250,hf_uniref50_mutbpe_0.8_3_12_0_800.json,False,800,0,0.8,107495,71916,3928,1788
119,119,pam250,hf_uniref50_mutbpe_0.8_3_12_0.005_800.json,False,800,0.005,0.8,107400,71825,3970,1809
120,120,pam250,hf_uniref50_mutbpe_0.9_3_12_0_51200.json,False,51200,0,0.9,93659,61189,6736,3298
121,121,pam250,hf_uniref50_mutbpe_0.8_3_12_0.05_51200.json,False,51200,0.05,0.8,94134,61140,15070,7513
122,122,pam250,hf_uniref50_mutbpe_0.9_3_12_0_800.json,False,800,0,0.9,110789,74189,1568,702
123,123,pam250,hf_uniref50_mutbpe_0.8_3_12_0_25600.json,False,25600,0,0.8,96096,62944,13140,6628
124,124,pam250,hf_uniref50_mutbpe_0.9_3_12_0.005_25600.json,False,25600,0.005,0.9,95045,62591,5972,2902
125,125,pam250,hf_uniref50_mutbpe_0.8_3_12_0.1_800.json,False,800,0.1,0.8,107901,71938,4121,1909
126,126,pam250,hf_uniref50_mutbpe_0.8_3_12_0.05_25600.json,False,25600,0.05,0.8,94465,62118,13745,6904
127,127,pam250,hf_uniref50_mutbpe_0.8_3_12_0.005_6400.json,False,6400,0.005,0.8,104701,68761,9953,5012
128,128,pam250,hf_uniref50_mutbpe_0.8_3_12_0.005_3200.json,False,3200,0.005,0.8,105516,69424,8292,4138
129,129,pam250,hf_uniref50_mutbpe_0.8_3_12_0_51200.json,False,51200,0,0.8,93739,60766,14935,7429
130,130,pam250,hf_uniref50_mutbpe_0.8_3_12_0.05_6400.json,False,6400,0.05,0.8,104860,68899,9956,5119
131,131,pam250,hf_uniref50_mutbpe_0.8_3_12_0.05_3200.json,False,3200,0.05,0.8,106123,69740,8401,4221
132,132,pam250,hf_uniref50_mutbpe_0.9_3_12_0.005_51200.json,False,51200,0.005,0.9,93749,61172,6740,3297
133,133,pam250,hf_uniref50_mutbpe_0.8_3_12_0.2_25600.json,False,25600,0.2,0.8,95964,62708,12354,6170
134,134,pam250,hf_uniref50_mutbpe_0.9_3_12_0.05_1600.json,False,1600,0.05,0.9,107411,71904,2594,1213
135,135,pam250,hf_uniref50_mutbpe_0.8_3_12_0.1_3200.json,False,3200,0.1,0.8,106566,69848,8602,4263
136,136,pam250,hf_uniref50_mutbpe_0.9_3_12_0.05_51200.json,False,51200,0.05,0.9,94248,61392,6811,3277
137,137,pam250,hf_uniref50_mutbpe_0.8_3_12_0.1_6400.json,False,6400,0.1,0.8,104437,68462,10209,5124
138,138,pam250,hf_uniref50_mutbpe_0.8_3_12_0.1_12800.json,False,12800,0.1,0.8,99512,65365,11965,5988
139,139,pam250,hf_uniref50_mutbpe_0.9_3_12_0.1_800.json,False,800,0.1,0.9,110602,74066,1606,747
140,140,pam250,hf_uniref50_mutbpe_0.8_3_12_0.2_6400.json,False,6400,0.2,0.8,105017,69290,9352,4720
141,141,pam250,hf_uniref50_mutbpe_0.9_3_12_0.2_12800.json,False,12800,0.2,0.9,98440,65108,5000,2391
142,142,pam250,hf_uniref50_mutbpe_0.9_3_12_0_25600.json,False,25600,0,0.9,95145,62612,5967,2915
143,143,pam250,hf_uniref50_mutbpe_0.8_3_12_0.2_3200.json,False,3200,0.2,0.8,107383,70965,7885,3880
144,144,pam250,hf_uniref50_mutbpe_0.8_3_12_0.005_25600.json,False,25600,0.005,0.8,95834,62799,13275,6699
145,145,pam250,hf_uniref50_mutbpe_0.9_3_12_0.1_25600.json,False,25600,0.1,0.9,94921,62418,6068,2902
146,146,pam250,hf_uniref50_mutbpe_0.9_3_12_0.1_6400.json,False,6400,0.1,0.9,105048,69862,4184,2012
147,147,pam250,hf_uniref50_mutbpe_0.9_3_12_0.005_1600.json,False,1600,0.005,0.9,107327,71876,2557,1170
148,148,pam250,hf_uniref50_mutbpe_0.9_3_12_0.2_800.json,False,800,0.2,0.9,110483,73997,1552,724
149,149,pam250,hf_uniref50_mutbpe_0.9_3_12_0_1600.json,False,1600,0,0.9,107327,71876,2557,1169
150,150,pam250,hf_uniref50_mutbpe_0.9_3_12_0.1_3200.json,False,3200,0.1,0.9,108480,72520,3424,1612
151,151,pam250,hf_uniref50_mutbpe_0.8_3_12_0_1600.json,False,1600,0,0.8,105611,69924,6218,2970
152,152,pam250,hf_uniref50_mutbpe_0.9_3_12_0.005_12800.json,False,12800,0.005,0.9,99230,65553,5069,2434
153,153,pam250,hf_uniref50_mutbpe_0.9_3_12_0.2_3200.json,False,3200,0.2,0.9,108815,72591,3319,1574
154,154,pam250,hf_uniref50_mutbpe_0.8_3_12_0_12800.json,False,12800,0,0.8,101097,66470,11314,5809
155,155,pam250,hf_uniref50_mutbpe_0.9_3_12_0.2_6400.json,False,6400,0.2,0.9,104490,69465,4062,1985
156,156,pam250,hf_uniref50_mutbpe_0.9_3_12_0.05_12800.json,False,12800,0.05,0.9,98625,65012,5199,2457
157,157,pam250,hf_uniref50_mutbpe_0.8_3_12_0.1_51200.json,False,51200,0.1,0.8,94490,60975,14861,7386
158,158,pam250,hf_uniref50_mutbpe_0.9_3_12_0.005_800.json,False,800,0.005,0.9,110789,74189,1568,702
159,159,pam250,hf_uniref50_mutbpe_0.9_3_12_0.2_51200.json,False,51200,0.2,0.9,94642,61546,6436,3034
160,160,pam250,hf_uniref50_mutbpe_0.8_3_12_0.1_25600.json,False,25600,0.1,0.8,95428,62257,13693,6810
161,161,pam250,hf_uniref50_mutbpe_0.8_3_12_0.005_1600.json,False,1600,0.005,0.8,105354,69746,6290,2998
162,162,pam250,hf_uniref50_mutbpe_0.8_3_12_0.2_800.json,False,800,0.2,0.8,108163,72176,3797,1724
163,163,pam250,hf_uniref50_mutbpe_0.8_3_12_0.2_12800.json,False,12800,0.2,0.8,99131,65266,10933,5477
164,164,pam250,hf_uniref50_mutbpe_0.8_3_12_0.005_12800.json,False,12800,0.005,0.8,100469,66251,11434,5854
165,165,pam250,hf_uniref50_mutbpe_0.9_3_12_0.1_12800.json,False,12800,0.1,0.9,98564,64980,5196,2453
166,166,pam250,hf_uniref50_mutbpe_0.9_3_12_0_12800.json,False,12800,0,0.9,99338,65591,5060,2432
167,167,pam250,hf_uniref50_mutbpe_0.9_3_12_0.2_25600.json,False,25600,0.2,0.9,95068,62643,5790,2758
168,168,pam250,hf_uniref50_mutbpe_0.8_3_12_0.05_1600.json,False,1600,0.05,0.8,105367,69962,6466,3130
169,169,pam250,hf_uniref50_mutbpe_0.8_3_12_0.1_1600.json,False,1600,0.1,0.8,105088,69575,6649,3242
170,170,pam250,hf_uniref50_mutbpe_0.9_3_12_0.05_3200.json,False,3200,0.05,0.9,108325,72476,3417,1608
171,171,pam250,hf_uniref50_mutbpe_0.9_3_12_0.05_800.json,False,800,0.05,0.9,110653,74093,1613,744
172,172,pam250,hf_uniref50_mutbpe_0.9_3_12_0.05_6400.json,False,6400,0.05,0.9,105330,70113,4145,2014
173,173,pam250,hf_uniref50_mutbpe_0.8_3_12_0.05_12800.json,False,12800,0.05,0.8,99010,65299,11784,5969
174,174,pam250,hf_uniref50_mutbpe_0.8_3_12_0.2_1600.json,False,1600,0.2,0.8,106102,70208,6079,2993
175,175,blosum45,hf_uniref50_mutbpe_0.8_3_12_0.05_800.json,False,800,0.05,0.8,110295,73218,1225,411
176,176,blosum45,hf_uniref50_mutbpe_0.7_3_12_0.05_12800.json,False,12800,0.05,0.7,98334,64063,8769,3855
177,177,blosum45,hf_uniref50_mutbpe_0.8_3_12_0.005_6400.json,False,6400,0.005,0.8,105198,70168,3869,1394
178,178,blosum45,hf_uniref50_mutbpe_0.9_3_12_0_800.json,False,800,0,0.9,113015,75812,7,1
179,179,blosum45,hf_uniref50_mutbpe_0.8_3_12_0.05_25600.json,False,25600,0.05,0.8,95896,62886,5879,2149
180,180,blosum45,hf_uniref50_mutbpe_0.8_3_12_0_1600.json,False,1600,0,0.8,107244,71214,2125,718
181,181,blosum45,hf_uniref50_mutbpe_0.9_3_12_0.1_1600.json,False,1600,0.1,0.9,111511,74185,49,7
182,182,blosum45,hf_uniref50_mutbpe_0.8_3_12_0.005_3200.json,False,3200,0.005,0.8,108240,71892,3022,1077
183,183,blosum45,hf_uniref50_mutbpe_0.9_3_12_0.2_1600.json,False,1600,0.2,0.9,111520,74165,48,7
184,184,blosum45,hf_uniref50_mutbpe_0.9_3_12_0_1600.json,False,1600,0,0.9,111478,74205,50,8
185,185,blosum45,hf_uniref50_mutbpe_0.7_3_12_0_800.json,False,800,0,0.7,105833,70516,2851,1225
186,186,blosum45,hf_uniref50_mutbpe_0.7_3_12_0_51200.json,False,51200,0,0.7,93361,60496,11032,4730
187,187,blosum45,hf_uniref50_mutbpe_0.9_3_12_0.005_12800.json,False,12800,0.005,0.9,101005,66923,601,144
188,188,blosum45,hf_uniref50_mutbpe_0.8_3_12_0.2_51200.json,False,51200,0.2,0.8,95617,61866,6198,2199
189,189,blosum45,hf_uniref50_mutbpe_0.7_3_12_0.005_25600.json,False,25600,0.005,0.7,95060,62163,9990,4316
190,190,blosum45,hf_uniref50_mutbpe_0.7_3_12_0.005_1600.json,False,1600,0.005,0.7,103616,69041,4645,1958
191,191,blosum45,hf_uniref50_mutbpe_0.8_3_12_0_800.json,False,800,0,0.8,110016,73225,1214,411
192,192,blosum45,hf_uniref50_mutbpe_0.7_3_12_0.1_51200.json,False,51200,0.1,0.7,93933,60908,10897,4642
193,193,blosum45,hf_uniref50_mutbpe_0.9_3_12_0.05_51200.json,False,51200,0.05,0.9,96073,63098,1100,238
194,194,blosum45,hf_uniref50_mutbpe_0.8_3_12_0.2_800.json,False,800,0.2,0.8,110025,73243,1146,382
195,195,blosum45,hf_uniref50_mutbpe_0.9_3_12_0_12800.json,False,12800,0,0.9,100977,66938,598,143
196,196,blosum45,hf_uniref50_mutbpe_0.8_3_12_0.005_800.json,False,800,0.005,0.8,109988,73153,1214,411
197,197,blosum45,hf_uniref50_mutbpe_0.9_3_12_0.1_51200.json,False,51200,0.1,0.9,95990,63022,1086,236
198,198,blosum45,hf_uniref50_mutbpe_0.7_3_12_0.005_51200.json,False,51200,0.005,0.7,93827,60534,11052,4701
199,199,blosum45,hf_uniref50_mutbpe_0.7_3_12_0_3200.json,False,3200,0,0.7,105219,69481,6146,2604
200,200,blosum45,hf_uniref50_mutbpe_0.7_3_12_0.2_12800.json,False,12800,0.2,0.7,98136,64572,8386,3610
201,201,blosum45,hf_uniref50_mutbpe_0.8_3_12_0.2_25600.json,False,25600,0.2,0.8,96372,63566,5429,1927
202,202,blosum45,hf_uniref50_mutbpe_0.9_3_12_0.005_3200.json,False,3200,0.005,0.9,112446,74949,151,31
203,203,blosum45,hf_uniref50_mutbpe_0.9_3_12_0.05_1600.json,False,1600,0.05,0.9,111473,74201,50,8
204,204,blosum45,hf_uniref50_mutbpe_0.9_3_12_0.05_25600.json,False,25600,0.05,0.9,98199,64734,852,196
205,205,blosum45,hf_uniref50_mutbpe_0.9_3_12_0.005_6400.json,False,6400,0.005,0.9,106368,71027,333,76
206,206,blosum45,hf_uniref50_mutbpe_0.7_3_12_0.2_1600.json,False,1600,0.2,0.7,105309,70135,4710,1952
207,207,blosum45,hf_uniref50_mutbpe_0.7_3_12_0_6400.json,False,6400,0,0.7,104358,68571,7268,3152
208,208,blosum45,hf_uniref50_mutbpe_0.8_3_12_0.1_12800.json,False,12800,0.1,0.8,98640,65526,4972,1806
209,209,blosum45,hf_uniref50_mutbpe_0.7_3_12_0.1_25600.json,False,25600,0.1,0.7,94530,61945,10024,4324
210,210,blosum45,hf_uniref50_mutbpe_0.9_3_12_0.2_12800.json,False,12800,0.2,0.9,100744,66901,591,142
211,211,blosum45,hf_uniref50_mutbpe_0.7_3_12_0.1_1600.json,False,1600,0.1,0.7,104142,68912,4893,2080
212,212,blosum45,hf_uniref50_mutbpe_0.7_3_12_0.05_1600.json,False,1600,0.05,0.7,103907,69076,4855,2035
213,213,blosum45,hf_uniref50_mutbpe_0.9_3_12_0.1_25600.json,False,25600,0.1,0.9,98260,64705,843,195
214,214,blosum45,hf_uniref50_mutbpe_0.8_3_12_0.005_12800.json,False,12800,0.005,0.8,99293,65891,4867,1760
215,215,blosum45,hf_uniref50_mutbpe_0.8_3_12_0.05_51200.json,False,51200,0.05,0.8,95068,61463,6686,2497
216,216,blosum45,hf_uniref50_mutbpe_0.9_3_12_0.2_800.json,False,800,0.2,0.9,113068,75806,7,1
217,217,blosum45,hf_uniref50_mutbpe_0.8_3_12_0.1_3200.json,False,3200,0.1,0.8,108169,72087,3107,1096
218,218,blosum45,hf_uniref50_mutbpe_0.8_3_12_0.1_6400.json,False,6400,0.1,0.8,104516,69883,4047,1403
219,219,blosum45,hf_uniref50_mutbpe_0.8_3_12_0.2_6400.json,False,6400,0.2,0.8,104812,69684,3762,1294
220,220,blosum45,hf_uniref50_mutbpe_0.7_3_12_0.1_800.json,False,800,0.1,0.7,106055,70592,3076,1323
221,221,blosum45,hf_uniref50_mutbpe_0.8_3_12_0.05_6400.json,False,6400,0.05,0.8,104770,70072,4027,1419
222,222,blosum45,hf_uniref50_mutbpe_0.8_3_12_0.05_3200.json,False,3200,0.05,0.8,108218,72027,3100,1118
223,223,blosum45,hf_uniref50_mutbpe_0.8_3_12_0.2_3200.json,False,3200,0.2,0.8,108236,72214,2912,1004
224,224,blosum45,hf_uniref50_mutbpe_0.7_3_12_0_25600.json,False,25600,0,0.7,95165,62279,9855,4337
225,225,blosum45,hf_uniref50_mutbpe_0.8_3_12_0_12800.json,False,12800,0,0.8,99516,66012,4825,1746
226,226,blosum45,hf_uniref50_mutbpe_0.8_3_12_0_3200.json,False,3200,0,0.8,108306,71923,3000,1055
227,227,blosum45,hf_uniref50_mutbpe_0.9_3_12_0.1_6400.json,False,6400,0.1,0.9,105936,70683,341,77
228,228,blosum45,hf_uniref50_mutbpe_0.9_3_12_0.005_800.json,False,800,0.005,0.9,113015,75812,7,1
229,229,blosum45,hf_uniref50_mutbpe_0.7_3_12_0.2_800.json,False,800,0.2,0.7,107066,71483,2811,1211
230,230,blosum45,hf_uniref50_mutbpe_0.8_3_12_0.1_51200.json,False,51200,0.1,0.8,95053,61275,6613,2440
231,231,blosum45,hf_uniref50_mutbpe_0.7_3_12_0.005_12800.json,False,12800,0.005,0.7,99037,64698,8501,3671
232,232,blosum45,hf_uniref50_mutbpe_0.8_3_12_0.005_1600.json,False,1600,0.005,0.8,107268,71197,2136,722
233,233,blosum45,hf_uniref50_mutbpe_0.7_3_12_0.2_51200.json,False,51200,0.2,0.7,94891,61345,10014,4216
234,234,blosum45,hf_uniref50_mutbpe_0.9_3_12_0.1_3200.json,False,3200,0.1,0.9,112308,74916,151,30
235,235,blosum45,hf_uniref50_mutbpe_0.8_3_12_0_6400.json,False,6400,0,0.8,105355,70262,3833,1379
236,236,blosum45,hf_uniref50_mutbpe_0.7_3_12_0.005_800.json,False,800,0.005,0.7,106015,70795,2891,1236
237,237,blosum45,hf_uniref50_mutbpe_0.9_3_12_0.2_3200.json,False,3200,0.2,0.9,112406,74950,150,30
238,238,blosum45,hf_uniref50_mutbpe_0.9_3_12_0_3200.json,False,3200,0,0.9,112454,74928,149,31
239,239,blosum45,hf_uniref50_mutbpe_0.8_3_12_0.005_51200.json,False,51200,0.005,0.8,94931,61239,6577,2430
240,240,blosum45,hf_uniref50_mutbpe_0.9_3_12_0.1_800.json,False,800,0.1,0.9,113066,75822,7,1
241,241,blosum45,hf_uniref50_mutbpe_0.9_3_12_0.2_51200.json,False,51200,0.2,0.9,96095,63177,1055,233
242,242,blosum45,hf_uniref50_mutbpe_0.9_3_12_0_6400.json,False,6400,0,0.9,106359,71022,333,76
243,243,blosum45,hf_uniref50_mutbpe_0.9_3_12_0.2_6400.json,False,6400,0.2,0.9,106164,70789,341,78
244,244,blosum45,hf_uniref50_mutbpe_0.9_3_12_0_25600.json,False,25600,0,0.9,98240,64762,843,194
245,245,blosum45,hf_uniref50_mutbpe_0.7_3_12_0.005_3200.json,False,3200,0.005,0.7,105464,69631,6248,2642
246,246,blosum45,hf_uniref50_mutbpe_0.8_3_12_0.05_12800.json,False,12800,0.05,0.8,98979,65846,4997,1806
247,247,blosum45,hf_uniref50_mutbpe_0.7_3_12_0.005_6400.json,False,6400,0.005,0.7,103890,68294,7424,3191
248,248,blosum45,hf_uniref50_mutbpe_0.7_3_12_0.05_25600.json,False,25600,0.05,0.7,94316,61463,10032,4380
249,249,blosum45,hf_uniref50_mutbpe_0.7_3_12_0.05_800.json,False,800,0.05,0.7,105988,70689,3083,1312
250,250,blosum45,hf_uniref50_mutbpe_0.9_3_12_0.005_25600.json,False,25600,0.005,0.9,98191,64750,849,195
251,251,blosum45,hf_uniref50_mutbpe_0.8_3_12_0_51200.json,False,51200,0,0.8,94987,61313,6559,2425
252,252,blosum45,hf_uniref50_mutbpe_0.9_3_12_0.05_3200.json,False,3200,0.05,0.9,112381,74962,151,31
253,253,blosum45,hf_uniref50_mutbpe_0.9_3_12_0.005_1600.json,False,1600,0.005,0.9,111485,74205,50,8
254,254,blosum45,hf_uniref50_mutbpe_0.7_3_12_0_1600.json,False,1600,0,0.7,103547,68897,4580,1927
255,255,blosum45,hf_uniref50_mutbpe_0.7_3_12_0.2_6400.json,False,6400,0.2,0.7,103741,68366,7072,3070
256,256,blosum45,hf_uniref50_mutbpe_0.7_3_12_0.05_51200.json,False,51200,0.05,0.7,93756,60606,11063,4738
257,257,blosum45,hf_uniref50_mutbpe_0.7_3_12_0.2_3200.json,False,3200,0.2,0.7,106990,70661,6048,2613
258,258,blosum45,hf_uniref50_mutbpe_0.9_3_12_0.05_6400.json,False,6400,0.05,0.9,106224,70869,338,77
259,259,blosum45,hf_uniref50_mutbpe_0.8_3_12_0_25600.json,False,25600,0,0.8,96259,63306,5742,2125
260,260,blosum45,hf_uniref50_mutbpe_0.7_3_12_0_12800.json,False,12800,0,0.7,99195,65065,8445,3675
261,261,blosum45,hf_uniref50_mutbpe_0.9_3_12_0.005_51200.json,False,51200,0.005,0.9,96244,63208,1101,240
262,262,blosum45,hf_uniref50_mutbpe_0.7_3_12_0.05_3200.json,False,3200,0.05,0.7,106075,69593,6387,2725
263,263,blosum45,hf_uniref50_mutbpe_0.7_3_12_0.1_3200.json,False,3200,0.1,0.7,106065,69926,6365,2730
264,264,blosum45,hf_uniref50_mutbpe_0.7_3_12_0.1_6400.json,False,6400,0.1,0.7,103354,68202,7520,3287
265,265,blosum45,hf_uniref50_mutbpe_0.8_3_12_0.1_800.json,False,800,0.1,0.8,110331,73359,1211,405
266,266,blosum45,hf_uniref50_mutbpe_0.7_3_12_0.05_6400.json,False,6400,0.05,0.7,103434,67996,7547,3269
267,267,blosum45,hf_uniref50_mutbpe_0.8_3_12_0.1_1600.json,False,1600,0.1,0.8,107916,71632,2168,721
268,268,blosum45,hf_uniref50_mutbpe_0.7_3_12_0.1_12800.json,False,12800,0.1,0.7,98109,64130,8821,3839
269,269,blosum45,hf_uniref50_mutbpe_0.8_3_12_0.1_25600.json,False,25600,0.1,0.8,95785,62970,5875,2161
270,270,blosum45,hf_uniref50_mutbpe_0.9_3_12_0.05_12800.json,False,12800,0.05,0.9,100932,66889,600,145
271,271,blosum45,hf_uniref50_mutbpe_0.8_3_12_0.2_12800.json,False,12800,0.2,0.8,99451,65885,4629,1606
272,272,blosum45,hf_uniref50_mutbpe_0.7_3_12_0.2_25600.json,False,25600,0.2,0.7,95353,62551,9454,4002
273,273,blosum45,hf_uniref50_mutbpe_0.9_3_12_0.05_800.json,False,800,0.05,0.9,113015,75812,7,1
274,274,blosum45,hf_uniref50_mutbpe_0.8_3_12_0.005_25600.json,False,25600,0.005,0.8,96207,63222,5742,2131
275,275,blosum45,hf_uniref50_mutbpe_0.9_3_12_0.1_12800.json,False,12800,0.1,0.9,100868,66930,593,143
276,276,blosum45,hf_uniref50_mutbpe_0.8_3_12_0.2_1600.json,False,1600,0.2,0.8,107963,71521,2042,694
277,277,blosum45,hf_uniref50_mutbpe_0.9_3_12_0_51200.json,False,51200,0,0.9,96341,63237,1098,239
278,278,blosum45,hf_uniref50_mutbpe_0.9_3_12_0.2_25600.json,False,25600,0.2,0.9,98329,64677,832,187
279,279,blosum45,hf_uniref50_mutbpe_0.8_3_12_0.05_1600.json,False,1600,0.05,0.8,107675,71481,2178,727
280,280,pam70,hf_uniref50_mutbpe_0.9_3_12_0.05_800.json,False,800,0.05,0.9,113236,75873,0,0
281,281,pam70,hf_uniref50_mutbpe_0.8_3_12_0.2_800.json,False,800,0.2,0.8,111087,74298,663,183
282,282,pam70,hf_uniref50_mutbpe_0.8_3_12_0.1_1600.json,False,1600,0.1,0.8,109389,72999,1177,316
283,283,pam70,hf_uniref50_mutbpe_0.9_3_12_0.05_51200.json,False,51200,0.05,0.9,95390,62267,77,17
284,284,pam70,hf_uniref50_mutbpe_0.9_3_12_0_12800.json,False,12800,0,0.9,100672,67019,12,1
285,285,pam70,hf_uniref50_mutbpe_0.8_3_12_0.2_1600.json,False,1600,0.2,0.8,110064,73283,1150,315
286,286,pam70,hf_uniref50_mutbpe_0.9_3_12_0.005_12800.json,False,12800,0.005,0.9,100667,67118,9,1
287,287,pam70,hf_uniref50_mutbpe_0.8_3_12_0.05_3200.json,False,3200,0.05,0.8,110177,73403,1761,488
288,288,pam70,hf_uniref50_mutbpe_0.8_3_12_0.05_6400.json,False,6400,0.05,0.8,106713,70976,2347,663
289,289,pam70,hf_uniref50_mutbpe_0.7_3_12_0.005_1600.json,False,1600,0.005,0.7,105233,70139,3400,1433
290,290,pam70,hf_uniref50_mutbpe_0.7_3_12_0.1_25600.json,False,25600,0.1,0.7,93631,61930,7062,2845
291,291,pam70,hf_uniref50_mutbpe_0.8_3_12_0_3200.json,False,3200,0,0.8,110315,73563,1729,480
292,292,pam70,hf_uniref50_mutbpe_0.8_3_12_0.1_12800.json,False,12800,0.1,0.8,99621,65807,3057,950
293,293,pam70,hf_uniref50_mutbpe_0.7_3_12_0.2_3200.json,False,3200,0.2,0.7,108500,71961,4274,1780
294,294,pam70,hf_uniref50_mutbpe_0.7_3_12_0.005_25600.json,False,25600,0.005,0.7,93647,62338,6941,2855
295,295,pam70,hf_uniref50_mutbpe_0.9_3_12_0.05_1600.json,False,1600,0.05,0.9,112137,74463,0,0
296,296,pam70,hf_uniref50_mutbpe_0.8_3_12_0.2_25600.json,False,25600,0.2,0.8,95952,62998,3563,1133
297,297,pam70,hf_uniref50_mutbpe_0.7_3_12_0.2_12800.json,False,12800,0.2,0.7,98684,65217,5926,2441
298,298,pam70,hf_uniref50_mutbpe_0.7_3_12_0.2_6400.json,False,6400,0.2,0.7,104656,69327,5034,2132
299,299,pam70,hf_uniref50_mutbpe_0.8_3_12_0_6400.json,False,6400,0,0.8,107229,71331,2305,642
300,300,pam70,hf_uniref50_mutbpe_0.9_3_12_0_3200.json,False,3200,0,0.9,113030,75201,0,0
301,301,pam70,hf_uniref50_mutbpe_0.9_3_12_0.1_25600.json,False,25600,0.1,0.9,98011,64403,28,4
302,302,pam70,hf_uniref50_mutbpe_0.7_3_12_0.1_6400.json,False,6400,0.1,0.7,102954,68387,5290,2218
303,303,pam70,hf_uniref50_mutbpe_0.8_3_12_0.005_3200.json,False,3200,0.005,0.8,110284,73522,1739,480
304,304,pam70,hf_uniref50_mutbpe_0.8_3_12_0.005_6400.json,False,6400,0.005,0.8,107163,71285,2309,643
305,305,pam70,hf_uniref50_mutbpe_0.7_3_12_0.1_3200.json,False,3200,0.1,0.7,106734,70849,4435,1848
306,306,pam70,hf_uniref50_mutbpe_0.7_3_12_0_51200.json,False,51200,0,0.7,92181,60742,7646,3120
307,307,pam70,hf_uniref50_mutbpe_0.8_3_12_0.05_25600.json,False,25600,0.05,0.8,95633,62636,3759,1173
308,308,pam70,hf_uniref50_mutbpe_0.9_3_12_0_6400.json,False,6400,0,0.9,106721,71038,0,0
309,309,pam70,hf_uniref50_mutbpe_0.7_3_12_0.05_1600.json,False,1600,0.05,0.7,105249,70079,3477,1462
310,310,pam70,hf_uniref50_mutbpe_0.9_3_12_0.2_12800.json,False,12800,0.2,0.9,100700,67008,9,0
311,311,pam70,hf_uniref50_mutbpe_0.7_3_12_0.05_12800.json,False,12800,0.05,0.7,97803,64663,6226,2555
312,312,pam70,hf_uniref50_mutbpe_0.9_3_12_0.2_800.json,False,800,0.2,0.9,113236,75873,0,0
313,313,pam70,hf_uniref50_mutbpe_0.7_3_12_0.1_51200.json,False,51200,0.1,0.7,93112,60770,7736,3104
314,314,pam70,hf_uniref50_mutbpe_0.7_3_12_0.005_51200.json,False,51200,0.005,0.7,92193,60793,7677,3127
315,315,pam70,hf_uniref50_mutbpe_0.9_3_12_0_800.json,False,800,0,0.9,113236,75873,0,0
316,316,pam70,hf_uniref50_mutbpe_0.8_3_12_0.2_51200.json,False,51200,0.2,0.8,95935,62757,4037,1301
317,317,pam70,hf_uniref50_mutbpe_0.9_3_12_0.1_51200.json,False,51200,0.1,0.9,95272,62221,78,17
318,318,pam70,hf_uniref50_mutbpe_0.8_3_12_0.005_12800.json,False,12800,0.005,0.8,100382,66119,2969,919
319,319,pam70,hf_uniref50_mutbpe_0.7_3_12_0.1_800.json,False,800,0.1,0.7,108205,72026,2268,950
320,320,pam70,hf_uniref50_mutbpe_0.8_3_12_0.005_800.json,False,800,0.005,0.8,111336,74466,661,176
321,321,pam70,hf_uniref50_mutbpe_0.8_3_12_0.05_51200.json,False,51200,0.05,0.8,95436,61901,4323,1355
322,322,pam70,hf_uniref50_mutbpe_0.8_3_12_0_12800.json,False,12800,0,0.8,100503,66232,2957,909
323,323,pam70,hf_uniref50_mutbpe_0.7_3_12_0_800.json,False,800,0,0.7,108575,72306,2172,912
324,324,pam70,hf_uniref50_mutbpe_0.7_3_12_0_25600.json,False,25600,0,0.7,93723,62462,6915,2824
325,325,pam70,hf_uniref50_mutbpe_0.7_3_12_0.05_800.json,False,800,0.05,0.7,108381,72146,2230,936
326,326,pam70,hf_uniref50_mutbpe_0.8_3_12_0_800.json,False,800,0,0.8,111336,74466,661,176
327,327,pam70,hf_uniref50_mutbpe_0.9_3_12_0.1_3200.json,False,3200,0.1,0.9,113045,75156,0,0
328,328,pam70,hf_uniref50_mutbpe_0.7_3_12_0_1600.json,False,1600,0,0.7,105407,70243,3369,1416
329,329,pam70,hf_uniref50_mutbpe_0.9_3_12_0.1_6400.json,False,6400,0.1,0.9,106641,71015,0,0
330,330,pam70,hf_uniref50_mutbpe_0.9_3_12_0.05_25600.json,False,25600,0.05,0.9,98082,64416,29,6
331,331,pam70,hf_uniref50_mutbpe_0.9_3_12_0.2_6400.json,False,6400,0.2,0.9,106650,71010,0,0
332,332,pam70,hf_uniref50_mutbpe_0.9_3_12_0.005_6400.json,False,6400,0.005,0.9,106719,71039,0,0
333,333,pam70,hf_uniref50_mutbpe_0.9_3_12_0.005_3200.json,False,3200,0.005,0.9,113027,75200,0,0
334,334,pam70,hf_uniref50_mutbpe_0.9_3_12_0.2_3200.json,False,3200,0.2,0.9,113072,75177,0,0
335,335,pam70,hf_uniref50_mutbpe_0.7_3_12_0.005_12800.json,False,12800,0.005,0.7,98315,65283,6022,2530
336,336,pam70,hf_uniref50_mutbpe_0.7_3_12_0.2_25600.json,False,25600,0.2,0.7,95162,62630,6636,2695
337,337,pam70,hf_uniref50_mutbpe_0.8_3_12_0.1_6400.json,False,6400,0.1,0.8,106482,70730,2351,675
338,338,pam70,hf_uniref50_mutbpe_0.8_3_12_0.2_12800.json,False,12800,0.2,0.8,99459,65616,2941,930
339,339,pam70,hf_uniref50_mutbpe_0.8_3_12_0.1_3200.json,False,3200,0.1,0.8,110222,73512,1756,484
340,340,pam70,hf_uniref50_mutbpe_0.8_3_12_0.1_25600.json,False,25600,0.1,0.8,95705,62570,3719,1171
341,341,pam70,hf_uniref50_mutbpe_0.7_3_12_0.1_12800.json,False,12800,0.1,0.7,97669,64617,6236,2565
342,342,pam70,hf_uniref50_mutbpe_0.8_3_12_0.05_1600.json,False,1600,0.05,0.8,109253,72833,1180,315
343,343,pam70,hf_uniref50_mutbpe_0.7_3_12_0.005_6400.json,False,6400,0.005,0.7,103832,69044,5199,2167
344,344,pam70,hf_uniref50_mutbpe_0.7_3_12_0.05_25600.json,False,25600,0.05,0.7,93339,61983,7122,2881
345,345,pam70,hf_uniref50_mutbpe_0.8_3_12_0.2_3200.json,False,3200,0.2,0.8,110697,73837,1666,464
346,346,pam70,hf_uniref50_mutbpe_0.9_3_12_0.2_25600.json,False,25600,0.2,0.9,98124,64517,19,4
347,347,pam70,hf_uniref50_mutbpe_0.8_3_12_0.05_12800.json,False,12800,0.05,0.8,99695,65681,3055,948
348,348,pam70,hf_uniref50_mutbpe_0.8_3_12_0_51200.json,False,51200,0,0.8,95383,61966,4267,1325
349,349,pam70,hf_uniref50_mutbpe_0.9_3_12_0.1_12800.json,False,12800,0.1,0.9,100676,66994,12,0
350,350,pam70,hf_uniref50_mutbpe_0.8_3_12_0.005_51200.json,False,51200,0.005,0.8,95254,61865,4256,1329
351,351,pam70,hf_uniref50_mutbpe_0.8_3_12_0.2_6400.json,False,6400,0.2,0.8,106389,70760,2250,645
352,352,pam70,hf_uniref50_mutbpe_0.7_3_12_0.005_3200.json,False,3200,0.005,0.7,106546,70648,4373,1817
353,353,pam70,hf_uniref50_mutbpe_0.7_3_12_0.2_800.json,False,800,0.2,0.7,108873,72487,2074,883
354,354,pam70,hf_uniref50_mutbpe_0.9_3_12_0.05_6400.json,False,6400,0.05,0.9,106669,71009,0,0
355,355,pam70,hf_uniref50_mutbpe_0.7_3_12_0.2_1600.json,False,1600,0.2,0.7,106652,70916,3323,1421
356,356,pam70,hf_uniref50_mutbpe_0.8_3_12_0_1600.json,False,1600,0,0.8,109239,72837,1174,315
357,357,pam70,hf_uniref50_mutbpe_0.9_3_12_0.05_3200.json,False,3200,0.05,0.9,113056,75163,0,0
358,358,pam70,hf_uniref50_mutbpe_0.8_3_12_0.005_1600.json,False,1600,0.005,0.8,109240,72832,1174,315
359,359,pam70,hf_uniref50_mutbpe_0.9_3_12_0_1600.json,False,1600,0,0.9,112137,74463,0,0
360,360,pam70,hf_uniref50_mutbpe_0.7_3_12_0.05_6400.json,False,6400,0.05,0.7,102997,68491,5313,2234
361,361,pam70,hf_uniref50_mutbpe_0.9_3_12_0.1_800.json,False,800,0.1,0.9,113236,75873,0,0
362,362,pam70,hf_uniref50_mutbpe_0.9_3_12_0.005_25600.json,False,25600,0.005,0.9,98010,64397,27,6
363,363,pam70,hf_uniref50_mutbpe_0.7_3_12_0.05_3200.json,False,3200,0.05,0.7,106572,70823,4432,1842
364,364,pam70,hf_uniref50_mutbpe_0.9_3_12_0_25600.json,False,25600,0,0.9,98055,64457,24,6
365,365,pam70,hf_uniref50_mutbpe_0.7_3_12_0.1_1600.json,False,1600,0.1,0.7,105249,70067,3496,1504
366,366,pam70,hf_uniref50_mutbpe_0.9_3_12_0_51200.json,False,51200,0,0.9,95269,62069,82,21
367,367,pam70,hf_uniref50_mutbpe_0.9_3_12_0.05_12800.json,False,12800,0.05,0.9,100656,67008,12,1
368,368,pam70,hf_uniref50_mutbpe_0.9_3_12_0.005_51200.json,False,51200,0.005,0.9,95248,62077,82,21
369,369,pam70,hf_uniref50_mutbpe_0.7_3_12_0.2_51200.json,False,51200,0.2,0.7,94322,61587,7196,2907
370,370,pam70,hf_uniref50_mutbpe_0.7_3_12_0_3200.json,False,3200,0,0.7,106626,70694,4353,1810
371,371,pam70,hf_uniref50_mutbpe_0.9_3_12_0.1_1600.json,False,1600,0.1,0.9,112137,74463,0,0
372,372,pam70,hf_uniref50_mutbpe_0.8_3_12_0.1_51200.json,False,51200,0.1,0.8,95267,62141,4307,1329
373,373,pam70,hf_uniref50_mutbpe_0.7_3_12_0_6400.json,False,6400,0,0.7,103997,69263,5139,2147
374,374,pam70,hf_uniref50_mutbpe_0.9_3_12_0.005_800.json,False,800,0.005,0.9,113236,75873,0,0
375,375,pam70,hf_uniref50_mutbpe_0.8_3_12_0.05_800.json,False,800,0.05,0.8,111278,74463,670,178
376,376,pam70,hf_uniref50_mutbpe_0.7_3_12_0_12800.json,False,12800,0,0.7,98561,65500,5994,2503
377,377,pam70,hf_uniref50_mutbpe_0.8_3_12_0_25600.json,False,25600,0,0.8,95981,62869,3693,1145
378,378,pam70,hf_uniref50_mutbpe_0.7_3_12_0.05_51200.json,False,51200,0.05,0.7,92391,60430,7759,3134
379,379,pam70,hf_uniref50_mutbpe_0.9_3_12_0.2_51200.json,False,51200,0.2,0.9,95199,62077,59,12
380,380,pam70,hf_uniref50_mutbpe_0.8_3_12_0.1_800.json,False,800,0.1,0.8,111082,74359,678,182
381,381,pam70,hf_uniref50_mutbpe_0.7_3_12_0.005_800.json,False,800,0.005,0.7,108559,72274,2181,914
382,382,pam70,hf_uniref50_mutbpe_0.8_3_12_0.005_25600.json,False,25600,0.005,0.8,96002,62883,3693,1140
383,383,pam70,hf_uniref50_mutbpe_0.9_3_12_0.2_1600.json,False,1600,0.2,0.9,112137,74463,0,0
384,384,pam70,hf_uniref50_mutbpe_0.9_3_12_0.005_1600.json,False,1600,0.005,0.9,112137,74463,0,0
