,Unnamed: 0,job_id,mat,is_bpe,v_size,freq_cutoff,sim_cutoff,tkz_path,p_ratio,m_ratio,ulength_mean,ulength_std,util10,util30,util50,used_ulength_mean,used_ulength_std,used_p_ratio,used_m_ratio
0,0,0,blosum62,False,800,0,0.7,hf_uniref50_mutbpe_0.7_3_12_0_800.json,0.055,0.53875,2.6425,0.6728742078758337,0.98625,0.97375,0.96375,1.873839411975792,0.5787120098294283,0.0268441415199399,0.0793855886572923
1,1,1,blosum62,True,6400,,,hf_uniref50_bpe_6400.json,0.0,0.0,3.42875,0.7106351694901317,0.99921875,0.9990625,0.99890625,2.4599185917099637,0.7113653472540921,0.0,0.0
2,2,2,blosum62,False,51200,0.1,0.7,hf_uniref50_mutbpe_0.7_3_12_0.1_51200.json,0.0769591282782323,0.911910015817532,4.097756253783515,1.1914676761359606,0.8490694995020407,0.5064344158253432,0.3305473647210451,2.983322195559885,0.948284279529386,0.1508886486941297,0.5348660851292656
3,3,3,blosum62,False,1600,0.2,0.8,hf_uniref50_mutbpe_0.8_3_12_0.2_1600.json,0.199375,0.410625,2.775625,0.5016853241602734,0.9975,0.996875,0.996875,2.0963392630165574,0.5936587836341026,0.0886968135631377,0.0693405022532998
4,4,4,blosum62,False,51200,0.2,0.8,hf_uniref50_mutbpe_0.8_3_12_0.2_51200.json,0.1915234375,0.75912109375,4.12919921875,1.39794982021433,0.90447265625,0.531484375,0.3341015625,3.015828483910348,0.9989079060953224,0.2339397906401456,0.3382775820076366
5,5,5,blosum62,True,3200,,,hf_uniref50_bpe_3200.json,0.0,0.0,3.0609375,0.6248769025384435,0.99875,0.9984375,0.9984375,2.2989570648979307,0.6232734642049922,0.0,0.0
6,6,6,blosum62,False,800,0.005,0.8,hf_uniref50_mutbpe_0.8_3_12_0.005_800.json,0.1375,0.365,2.5725,0.6226784166109673,0.995,0.99375,0.9925,1.894038283756733,0.5639798442405384,0.0494476195433216,0.0365096468721811
7,7,7,blosum62,True,12800,,,hf_uniref50_bpe_12800.json,0.0,0.0,3.71734375,1.186076662301126,0.997578125,0.99703125,0.9965625,2.6389626939480064,0.8290559352883544,0.0,0.0
8,8,8,blosum62,False,800,0,0.9,hf_uniref50_mutbpe_0.9_3_12_0_800.json,0.085,0.09375,2.52,0.5831166532428236,0.995,0.99375,0.99375,1.9429831552237529,0.5623829762612703,0.0175214196496717,0.0119282440089395
9,9,9,blosum62,False,1600,0.005,0.9,hf_uniref50_mutbpe_0.9_3_12_0.005_1600.json,0.128125,0.14125,2.771875,0.5037286704997316,0.9975,0.996875,0.996875,2.1204788723404198,0.584516896540125,0.03610988727257,0.0251520783781449
10,10,10,blosum62,False,800,0.05,0.9,hf_uniref50_mutbpe_0.9_3_12_0.05_800.json,0.085,0.09375,2.52,0.5831166532428236,0.995,0.99375,0.99375,1.9429831552237529,0.5623829762612703,0.0175214196496717,0.0119282440089395
11,11,11,blosum62,False,51200,0.1,0.9,hf_uniref50_mutbpe_0.9_3_12_0.1_51200.json,0.21396484375,0.305546875,4.2745703125,2.417909805762574,0.87826171875,0.53279296875,0.3337890625,3.035265721425741,1.1259828501186442,0.1439428652016493,0.0954659769239464
12,12,12,blosum62,False,51200,0.05,0.7,hf_uniref50_mutbpe_0.7_3_12_0.05_51200.json,0.0684268083112013,0.9218286205280424,4.103968129979691,1.1414710302732505,0.7985080456178723,0.4917200437431651,0.3296750507733166,2.9549698485220626,0.934515598334508,0.1461625798462235,0.5244526075342166
13,13,13,blosum62,False,1600,0.1,0.8,hf_uniref50_mutbpe_0.8_3_12_0.1_1600.json,0.180625,0.464375,2.794375,0.5371440092555948,0.9975,0.996875,0.996875,2.0797805549220887,0.6002670093089186,0.0861440936948738,0.0740723019680383
14,14,14,blosum62,False,800,0.1,0.7,hf_uniref50_mutbpe_0.7_3_12_0.1_800.json,0.065,0.52375,2.595,0.6135515927338,0.995,0.99375,0.99375,1.8948699511074811,0.5851038716915545,0.029997797233078,0.0879412727950405
15,15,15,blosum62,False,6400,0.1,0.7,hf_uniref50_mutbpe_0.7_3_12_0.1_6400.json,0.11046875,0.83140625,3.34625,0.6601545515104635,0.999375,0.99921875,0.97515625,2.4140432429967142,0.6812462601060049,0.1021756357901956,0.3020015840541026
16,16,16,blosum62,False,12800,0,0.8,hf_uniref50_mutbpe_0.8_3_12_0_12800.json,0.154453125,0.760703125,3.733515625,0.8516870742709859,0.9240625,0.843203125,0.769296875,2.550158588697752,0.7548431566107952,0.1661024986220453,0.2111540678997987
17,17,17,blosum62,False,25600,0,0.7,hf_uniref50_mutbpe_0.7_3_12_0_25600.json,0.0626953125,0.9215234375,4.042578125,1.013745713695509,0.8028125,0.646640625,0.5323046875,2.6977017820620337,0.8031294441421631,0.1246872789248857,0.4216316535302883
18,18,18,blosum62,False,12800,0.005,0.8,hf_uniref50_mutbpe_0.8_3_12_0.005_12800.json,0.155859375,0.75921875,3.71890625,0.8076430298426468,0.932265625,0.85,0.774296875,2.552426260879717,0.7558362063937568,0.1664635101614015,0.2118869282344165
19,19,19,blosum62,False,3200,0.1,0.7,hf_uniref50_mutbpe_0.7_3_12_0.1_3200.json,0.1203125,0.7675,3.023125,0.543306984033572,0.99875,0.9984375,0.9984375,2.254878911833073,0.6291040414942288,0.0837731338610667,0.2356975482326582
20,20,20,blosum62,False,3200,0.2,0.7,hf_uniref50_mutbpe_0.7_3_12_0.2_3200.json,0.1371875,0.7478125,3.009375,0.5238061195622894,0.99875,0.9984375,0.9984375,2.2663515377541112,0.62143798434895,0.0894911206866704,0.2326643758257486
21,21,21,blosum62,False,800,0.2,0.9,hf_uniref50_mutbpe_0.9_3_12_0.2_800.json,0.0825,0.09125,2.52,0.5831166532428236,0.995,0.99375,0.99375,1.943525228359488,0.5625169128391304,0.017026392062836,0.0118428501969665
22,22,22,blosum62,False,12800,0.05,0.9,hf_uniref50_mutbpe_0.9_3_12_0.05_12800.json,0.196640625,0.27140625,3.72828125,1.2242491631836008,0.984375,0.9396875,0.894609375,2.613712651545634,0.8175169087910996,0.0916867475288076,0.0620435438305424
23,23,23,blosum62,False,51200,0.005,0.7,hf_uniref50_mutbpe_0.7_3_12_0.005_51200.json,0.0572036379249775,0.9340723681642532,4.22639447285218,1.1219859500624818,0.6990124516960069,0.4636402669893438,0.3279987509270463,2.9024803991727413,0.8984605355366244,0.1412900699418124,0.5039589965058611
24,24,24,blosum62,False,1600,0,0.7,hf_uniref50_mutbpe_0.7_3_12_0_1600.json,0.0825,0.696875,2.873125,0.5997937810092198,0.988125,0.966875,0.950625,2.041668823691226,0.6137971540948912,0.0512468432464645,0.1458389450576546
25,25,25,blosum62,False,800,0,0.8,hf_uniref50_mutbpe_0.8_3_12_0_800.json,0.135,0.36875,2.57,0.6169081938583423,0.98375,0.98,0.9775,1.891819216210478,0.5629449345175326,0.0489719884125364,0.0359475925419063
26,26,26,blosum62,False,6400,0.2,0.7,hf_uniref50_mutbpe_0.7_3_12_0.2_6400.json,0.12484375,0.81375,3.35375,0.65449627163873,0.999375,0.99921875,0.99890625,2.428654775420856,0.687757493125854,0.1079349383986807,0.2997727430147539
27,27,27,blosum62,False,51200,0,0.7,hf_uniref50_mutbpe_0.7_3_12_0_51200.json,0.05669921875,0.93458984375,4.2494140625,1.1650202829354808,0.69421875,0.46232421875,0.32748046875,2.8994363345865057,0.8984978331577314,0.1411027042101136,0.5026473088947272
28,28,28,blosum62,False,800,0.05,0.7,hf_uniref50_mutbpe_0.7_3_12_0.05_800.json,0.0625,0.5225,2.60125,0.6286831400739696,0.995,0.99375,0.99375,1.8902472229505567,0.5817030183711511,0.0291693674865625,0.0846541399884611
29,29,29,blosum62,False,3200,0.05,0.8,hf_uniref50_mutbpe_0.8_3_12_0.05_3200.json,0.18625,0.5690625,3.043125,0.6271069518852782,0.99875,0.998125,0.9946875,2.2528010683963893,0.6177557427346551,0.1173868560607526,0.1177013837794115
30,30,30,blosum62,False,25600,0.005,0.7,hf_uniref50_mutbpe_0.7_3_12_0.005_25600.json,0.063125,0.9210546875,4.0357421875,1.0026780792147667,0.8103515625,0.650703125,0.53375,2.700473905767365,0.8053606357439139,0.1247200804493701,0.422692771457122
31,31,31,blosum62,False,1600,0.005,0.8,hf_uniref50_mutbpe_0.8_3_12_0.005_1600.json,0.17625,0.480625,2.819375,0.5943234574771277,0.996875,0.989375,0.985625,2.0696594026133828,0.6008743751735522,0.0853836282050478,0.0722724674323387
32,32,32,blosum62,False,6400,0.05,0.8,hf_uniref50_mutbpe_0.8_3_12_0.05_6400.json,0.1746875,0.67203125,3.406875,0.7218702485401773,0.999375,0.975625,0.94125,2.4054621405629573,0.6884814788000762,0.1411765831472921,0.163487930682449
33,33,33,blosum62,False,3200,0,0.9,hf_uniref50_mutbpe_0.9_3_12_0_3200.json,0.135,0.1671875,3.0978125,0.791164218952312,0.9928125,0.986875,0.9821875,2.2882700351769043,0.6189722008577101,0.0513006518669656,0.0352192051086975
34,34,34,blosum62,False,12800,0,0.9,hf_uniref50_mutbpe_0.9_3_12_0_12800.json,0.196796875,0.285234375,3.746953125,1.1039205634240254,0.965078125,0.921640625,0.8790625,2.608379995491761,0.8022932405273655,0.0917162525783259,0.0616354296644002
35,35,35,blosum62,False,12800,0.1,0.8,hf_uniref50_mutbpe_0.8_3_12_0.1_12800.json,0.171953125,0.736015625,3.6659375,0.6648537656724861,0.999609375,0.9415625,0.848125,2.5825319870271835,0.7681522557074822,0.1685504330789312,0.2204865214724392
36,36,36,blosum62,False,25600,0.1,0.7,hf_uniref50_mutbpe_0.7_3_12_0.1_25600.json,0.081796875,0.9006640625,3.8678125,0.8933232269170669,0.988046875,0.7836328125,0.6035546875,2.777631436389893,0.8537003626957628,0.1347270624311945,0.4549538233706736
37,37,37,blosum62,False,6400,0.2,0.9,hf_uniref50_mutbpe_0.9_3_12_0.2_6400.json,0.1609375,0.18359375,3.42578125,0.6947603887478686,0.999375,0.99921875,0.99171875,2.450849475577383,0.7043922829519037,0.0669161132066944,0.0462728575017624
38,38,38,blosum62,False,3200,0.2,0.9,hf_uniref50_mutbpe_0.9_3_12_0.2_3200.json,0.1315625,0.1409375,3.060625,0.6350792459529756,0.99875,0.9984375,0.9984375,2.294707375862398,0.6217103202573376,0.0499171309683334,0.0350383541525785
39,39,39,blosum62,False,12800,0.2,0.7,hf_uniref50_mutbpe_0.7_3_12_0.2_12800.json,0.106796875,0.859609375,3.6371875,0.6124664445620748,0.999609375,0.997421875,0.91109375,2.6030760991400586,0.762385969361181,0.1249441880969667,0.3746433773816461
40,40,40,blosum62,False,25600,0.2,0.8,hf_uniref50_mutbpe_0.8_3_12_0.2_25600.json,0.1929296875,0.740078125,3.874609375,1.000634512821315,0.9986328125,0.833671875,0.6508984375,2.80030806655959,0.8728786875977186,0.2046830167234324,0.274618682199094
41,41,41,blosum62,False,12800,0.005,0.9,hf_uniref50_mutbpe_0.9_3_12_0.005_12800.json,0.197109375,0.2846875,3.74421875,1.0970049996848428,0.966015625,0.922421875,0.8796875,2.60860388232298,0.8022796552786075,0.0917365047774455,0.0616525103990794
42,42,42,blosum62,False,1600,0.05,0.9,hf_uniref50_mutbpe_0.9_3_12_0.05_1600.json,0.128125,0.14125,2.771875,0.5037286704997316,0.9975,0.996875,0.996875,2.1204788723404198,0.584516896540125,0.03610988727257,0.0251520783781449
43,43,43,blosum62,False,6400,0,0.9,hf_uniref50_mutbpe_0.9_3_12_0_6400.json,0.161875,0.21703125,3.4578125,0.8290899345366157,0.98828125,0.97265625,0.9575,2.442187408072723,0.701154588301678,0.0686823767083089,0.0465751256337152
44,44,44,blosum62,False,3200,0.005,0.7,hf_uniref50_mutbpe_0.7_3_12_0.005_3200.json,0.103125,0.7834375,3.0675,0.6304307661608555,0.99,0.9621875,0.943125,2.223197965161643,0.6270484188004821,0.0777358213003073,0.2213724748782813
45,45,45,blosum62,False,3200,0.1,0.9,hf_uniref50_mutbpe_0.9_3_12_0.1_3200.json,0.135,0.1540625,3.0615625,0.643060483713846,0.99875,0.9984375,0.9953125,2.2916367976057934,0.6201475453924089,0.0513051808565809,0.0352656375862422
46,46,46,blosum62,False,25600,0.1,0.9,hf_uniref50_mutbpe_0.9_3_12_0.1_25600.json,0.2136328125,0.2905078125,3.92578125,1.4443190225040794,0.9691015625,0.8715625,0.673359375,2.817580026226186,0.9215998569480128,0.1183276775663973,0.0797384818535141
47,47,47,blosum62,False,3200,0,0.8,hf_uniref50_mutbpe_0.8_3_12_0_3200.json,0.1821875,0.5803125,3.0896875,0.830652919352532,0.97875,0.965,0.9565625,2.243426990428317,0.6161306052983938,0.117437534418341,0.1152789701920816
48,48,48,blosum62,True,800,,,hf_uniref50_bpe_800.json,0.0,0.0,2.5225,0.6041108651744125,0.995,0.99375,0.99375,1.94728589244961,0.5655563080195889,0.0,0.0
49,49,49,blosum62,False,12800,0.05,0.8,hf_uniref50_mutbpe_0.8_3_12_0.05_12800.json,0.164765625,0.746171875,3.673359375,0.6888503818480135,0.991640625,0.906640625,0.8190625,2.570907432846511,0.7639196126572856,0.1670111209984055,0.2174675413862286
50,50,50,blosum62,False,12800,0.2,0.9,hf_uniref50_mutbpe_0.9_3_12_0.2_12800.json,0.1975,0.23703125,3.7159375,1.1449092338189442,0.99765625,0.979140625,0.931484375,2.624510890362812,0.8219000085522962,0.0895480179746086,0.0617786426138484
51,51,51,blosum62,False,800,0.2,0.8,hf_uniref50_mutbpe_0.8_3_12_0.2_800.json,0.16125,0.2875,2.53875,0.5885842988443181,0.995,0.99375,0.99375,1.91935073764474,0.5652627929339591,0.0535458572811995,0.0343207952393349
52,52,52,blosum62,False,6400,0,0.8,hf_uniref50_mutbpe_0.8_3_12_0_6400.json,0.16703125,0.6865625,3.498125,0.9760355194400592,0.94390625,0.9075,0.87734375,2.388205281205771,0.6786066835877625,0.1407554072386663,0.1579219381864561
53,53,53,blosum62,False,1600,0.05,0.7,hf_uniref50_mutbpe_0.7_3_12_0.05_1600.json,0.0975,0.67875,2.835625,0.5884915554358126,0.9975,0.996875,0.996875,2.06777231717911,0.6180743997964057,0.0555876067826897,0.1554504557759265
54,54,54,blosum62,False,6400,0.1,0.9,hf_uniref50_mutbpe_0.9_3_12_0.1_6400.json,0.16359375,0.20140625,3.42859375,0.7103995367102144,0.999375,0.9909375,0.97625,2.446694341775093,0.7030318137641568,0.0688022702745382,0.0467259913236887
55,55,55,blosum62,False,6400,0.005,0.7,hf_uniref50_mutbpe_0.7_3_12_0.005_6400.json,0.0953125,0.846875,3.4328125,0.9243210129886434,0.95625,0.8990625,0.8584375,2.3753024830341105,0.6702586855374998,0.0960085981406338,0.2854146170108513
56,56,56,blosum62,False,25600,0.05,0.7,hf_uniref50_mutbpe_0.7_3_12_0.05_25600.json,0.074140625,0.90859375,3.887265625,0.791637821727021,0.938046875,0.736171875,0.5803125,2.7514444354352907,0.8330147173180675,0.1299557877153719,0.443988487296181
57,57,57,blosum62,False,3200,0.2,0.8,hf_uniref50_mutbpe_0.8_3_12_0.2_3200.json,0.210625,0.5134375,3.0490625,0.5888664829660988,0.99875,0.9984375,0.9984375,2.271879297652712,0.6210349890071293,0.1199667180121662,0.1114156951291053
58,58,58,blosum62,False,12800,0,0.7,hf_uniref50_mutbpe_0.7_3_12_0_12800.json,0.07453125,0.895078125,3.833203125,1.1431246721531476,0.88015625,0.78265625,0.7084375,2.521507936308947,0.7384206209747796,0.1094693681062882,0.3468269693869108
59,59,59,blosum62,False,25600,0,0.8,hf_uniref50_mutbpe_0.8_3_12_0_25600.json,0.1483203125,0.802421875,3.953515625,1.0478359685331642,0.8649609375,0.7125390625,0.5821875,2.7358087714588595,0.857372378544673,0.1960352959462535,0.2704105927902264
60,60,60,blosum62,False,25600,0.005,0.8,hf_uniref50_mutbpe_0.8_3_12_0.005_25600.json,0.1491015625,0.8015625,3.9463671875,1.0320721594158986,0.868515625,0.7145703125,0.5835546875,2.737196804180595,0.857560986940806,0.196376743461016,0.2708303538511405
61,61,61,blosum62,True,1600,,,hf_uniref50_bpe_1600.json,0.0,0.0,2.77125,0.5040657089103682,0.9975,0.996875,0.996875,2.125304531942497,0.5844836090530074,0.0,0.0
62,62,62,blosum62,False,800,0.1,0.8,hf_uniref50_mutbpe_0.8_3_12_0.1_800.json,0.14,0.3525,2.55875,0.6016651383230889,0.995,0.99375,0.99375,1.9005769440733715,0.5659591465783983,0.0501680974658631,0.0375489115649355
63,63,63,blosum62,False,6400,0.2,0.8,hf_uniref50_mutbpe_0.8_3_12_0.2_6400.json,0.1996875,0.6290625,3.4040625,0.668900894589258,0.999375,0.9990625,0.99671875,2.427756687161574,0.697069901792053,0.1445205320870405,0.158226732055197
64,64,64,blosum62,False,6400,0.1,0.8,hf_uniref50_mutbpe_0.8_3_12_0.1_6400.json,0.17984375,0.6628125,3.39890625,0.698332837516202,0.999375,0.99578125,0.9646875,2.4126099063348097,0.6908571800766755,0.1420203791795812,0.1649365969448241
65,65,65,blosum62,False,3200,0.005,0.9,hf_uniref50_mutbpe_0.9_3_12_0.005_3200.json,0.135,0.1659375,3.0946875,0.7796067667041128,0.9940625,0.988125,0.9834375,2.2885893398445,0.6190432410995639,0.0513078103479753,0.0352237058307245
66,66,66,blosum62,False,25600,0.05,0.9,hf_uniref50_mutbpe_0.9_3_12_0.05_25600.json,0.2148046875,0.3077734375,3.9358984375,1.446330232312628,0.94921875,0.8539453125,0.6728125,2.8110468348014988,0.918616095998121,0.118797587052853,0.0796089855714359
67,67,67,blosum62,False,6400,0.005,0.9,hf_uniref50_mutbpe_0.9_3_12_0.005_6400.json,0.161875,0.21546875,3.45328125,0.8109300892107997,0.99,0.974375,0.95921875,2.44263255396994,0.7013629394499442,0.0686848491138044,0.0465911223671921
68,68,68,blosum62,False,3200,0.1,0.8,hf_uniref50_mutbpe_0.8_3_12_0.1_3200.json,0.19,0.560625,3.036875,0.6072523943629359,0.99875,0.9984375,0.9984375,2.25738637146246,0.6178445507669311,0.1180972592431991,0.1182093892282773
69,69,69,blosum62,False,51200,0.2,0.7,hf_uniref50_mutbpe_0.7_3_12_0.2_51200.json,0.0958936207603538,0.8886220295628063,4.097358092671783,1.246886089008577,0.9156854704860096,0.5269169937320602,0.3317126510846855,3.0131530528892183,0.9659720522098152,0.1601294986014837,0.5359098227347618
70,70,70,blosum62,False,51200,0.005,0.9,hf_uniref50_mutbpe_0.9_3_12_0.005_51200.json,0.217495752036093,0.3544071404855374,4.277240678892991,1.883634123442852,0.8278744555770395,0.532391945469815,0.3338020741782387,3.013784312304563,1.0642805435196334,0.1466254220674316,0.0949751840423775
71,71,71,blosum62,False,800,0.005,0.9,hf_uniref50_mutbpe_0.9_3_12_0.005_800.json,0.085,0.09375,2.52,0.5831166532428236,0.995,0.99375,0.99375,1.9429831552237529,0.5623829762612703,0.0175214196496717,0.0119282440089395
72,72,72,blosum62,False,1600,0.1,0.7,hf_uniref50_mutbpe_0.7_3_12_0.1_1600.json,0.103125,0.675,2.82875,0.5686611884215509,0.9975,0.996875,0.996875,2.07606755738786,0.6216267740251767,0.0573907689235715,0.1598495730370985
73,73,73,blosum62,False,51200,0,0.9,hf_uniref50_mutbpe_0.9_3_12_0_51200.json,0.2175,0.3548828125,4.2790625,1.8871601327569731,0.82734375,0.5325390625,0.33376953125,3.013529806599523,1.0643455963019666,0.1466202588334515,0.0949581741094632
74,74,74,blosum62,False,51200,0.1,0.8,hf_uniref50_mutbpe_0.8_3_12_0.1_51200.json,0.1656674152914754,0.7953324870618104,4.117000292940142,1.2411710796159416,0.8496435894932135,0.5324675324675324,0.3340884679230544,2.9888871116865405,0.9764944264390768,0.228336068483772,0.3471652962094976
75,75,75,blosum62,False,51200,0.05,0.8,hf_uniref50_mutbpe_0.8_3_12_0.05_51200.json,0.1556940023045524,0.8102064332168037,4.122121750678671,1.218304439079628,0.8105384450129876,0.5201062437747789,0.3341405777005253,2.969483406135691,0.9635247909936632,0.2271433568038507,0.3425945734975437
76,76,76,blosum62,False,3200,0,0.7,hf_uniref50_mutbpe_0.7_3_12_0_3200.json,0.10125,0.7853125,3.0975,0.7483607176196174,0.9615625,0.93125,0.9146875,2.217198826228553,0.6243154399246396,0.077315409688605,0.2187952147227705
77,77,77,blosum62,False,51200,0.2,0.9,hf_uniref50_mutbpe_0.9_3_12_0.2_51200.json,0.2027734375,0.26177734375,4.291953125,2.5778372185300555,0.915859375,0.53310546875,0.33373046875,3.049259802627816,1.1566118219443584,0.1378056419419681,0.0938922949598495
78,78,78,blosum62,False,1600,0.2,0.7,hf_uniref50_mutbpe_0.7_3_12_0.2_1600.json,0.120625,0.654375,2.7925,0.5131845174672606,0.9975,0.996875,0.996875,2.090515415583099,0.6097889141796464,0.0631213989275171,0.1596917232981706
79,79,79,blosum62,False,800,0.005,0.7,hf_uniref50_mutbpe_0.7_3_12_0.005_800.json,0.0575,0.535,2.635,0.66507737135416,0.995,0.99125,0.98625,1.8794259886790643,0.5802164808785777,0.0275984754555064,0.0816007445355028
80,80,80,blosum62,True,25600,,,hf_uniref50_bpe_25600.json,0.0,0.0,3.935,1.5175811223742983,0.9956640625,0.99359375,0.6744921875,2.844670567403425,0.9389069423435866,0.0,0.0
81,81,81,blosum62,False,6400,0,0.7,hf_uniref50_mutbpe_0.7_3_12_0_6400.json,0.0915625,0.85078125,3.564375,1.206035085817639,0.9121875,0.85703125,0.82140625,2.3639410860104544,0.6678228473776027,0.0947202574882692,0.2805484447138842
82,82,82,blosum62,False,800,0.1,0.9,hf_uniref50_mutbpe_0.9_3_12_0.1_800.json,0.085,0.09375,2.52,0.5831166532428236,0.995,0.99375,0.99375,1.9429831552237529,0.5623829762612703,0.0175214196496717,0.0119282440089395
83,83,83,blosum62,False,12800,0.2,0.8,hf_uniref50_mutbpe_0.8_3_12_0.2_12800.json,0.19359375,0.701796875,3.6634375,0.6302582540779187,0.999609375,0.98578125,0.89984375,2.601677237840896,0.7724510451920285,0.1726681044827666,0.2130520321901163
84,84,84,blosum62,False,25600,0.2,0.7,hf_uniref50_mutbpe_0.7_3_12_0.2_25600.json,0.0981640625,0.88140625,3.8641015625,1.0022477440670152,0.9987109375,0.8405078125,0.6327734375,2.80196210189526,0.8632450508408841,0.143254764997861,0.4562547981782689
85,85,85,blosum62,False,25600,0.005,0.9,hf_uniref50_mutbpe_0.9_3_12_0.005_25600.json,0.21578125,0.3274609375,3.962109375,1.483469418174428,0.9234375,0.8330859375,0.6726171875,2.8024138965741785,0.9150210915164014,0.1192835473498069,0.079045942388764
86,86,86,blosum62,False,25600,0,0.9,hf_uniref50_mutbpe_0.9_3_12_0_25600.json,0.2155078125,0.32765625,3.963984375,1.48767077220982,0.92265625,0.833046875,0.6725390625,2.802222939649985,0.9149505279006306,0.1192747860772686,0.079016998436196
87,87,87,blosum62,False,12800,0.1,0.7,hf_uniref50_mutbpe_0.7_3_12_0.1_12800.json,0.090703125,0.878671875,3.648046875,0.6609585864324242,0.99953125,0.943984375,0.839453125,2.5808275309720754,0.7574721649615155,0.1170320839053457,0.3731623134230426
88,88,88,blosum62,False,25600,0.1,0.8,hf_uniref50_mutbpe_0.8_3_12_0.1_25600.json,0.170703125,0.7719921875,3.87359375,0.9003853356678194,0.97875,0.78921875,0.62390625,2.778477321521322,0.8665276860779985,0.1999179200519203,0.2824032446193429
89,89,89,blosum62,False,12800,0.05,0.7,hf_uniref50_mutbpe_0.7_3_12_0.05_12800.json,0.084140625,0.88453125,3.650234375,0.6734677548709558,0.995,0.894140625,0.795859375,2.561245933104084,0.7517888551745484,0.1132965863252741,0.3641155800098283
90,90,90,blosum62,False,6400,0.005,0.8,hf_uniref50_mutbpe_0.8_3_12_0.005_6400.json,0.16984375,0.68359375,3.47265625,0.9022566249728464,0.95671875,0.91890625,0.88796875,2.3913639964327755,0.680238627719308,0.1413484052277931,0.1588784319430662
91,91,91,blosum62,False,25600,0.2,0.9,hf_uniref50_mutbpe_0.9_3_12_0.2_25600.json,0.210546875,0.2601171875,3.9194921875,1.4114081160220626,0.9917578125,0.900546875,0.6737890625,2.827005228667475,0.9240564110768682,0.1149814911994553,0.0789057172394997
92,92,92,blosum62,False,800,0.2,0.7,hf_uniref50_mutbpe_0.7_3_12_0.2_800.json,0.08125,0.50125,2.5675,0.5838405923680031,0.995,0.99375,0.99375,1.909977722463295,0.5804870995274484,0.0346695136148847,0.0887873702958925
93,93,93,blosum62,False,25600,0.05,0.8,hf_uniref50_mutbpe_0.8_3_12_0.05_25600.json,0.16171875,0.785078125,3.88796875,0.9338588973364124,0.9429296875,0.760390625,0.6081640625,2.7634498961438974,0.8627934877842381,0.1980722608655466,0.2787756345963851
94,94,94,blosum62,False,1600,0.05,0.8,hf_uniref50_mutbpe_0.8_3_12_0.05_1600.json,0.17875,0.47125,2.803125,0.5484553185062103,0.9975,0.996875,0.996875,2.0755475570747,0.6006998496175041,0.085718102456312,0.0733749088397702
95,95,95,blosum62,True,51200,,,hf_uniref50_bpe_51200.json,0.0,0.0,4.40966796875,3.402968013329184,0.97337890625,0.5308203125,0.33314453125,3.0705190603194903,1.2895414592777286,0.0,0.0
96,96,96,blosum62,False,3200,0.005,0.8,hf_uniref50_mutbpe_0.8_3_12_0.005_3200.json,0.184375,0.5784375,3.074375,0.7629877334124829,0.98875,0.974375,0.96625,2.245432419971252,0.6165652859613814,0.1178030351852571,0.1158711956792559
97,97,97,blosum62,False,12800,0.1,0.9,hf_uniref50_mutbpe_0.9_3_12_0.1_12800.json,0.197890625,0.259609375,3.720546875,1.2076855019308426,0.996328125,0.955546875,0.9084375,2.6179796938758004,0.8188908545389947,0.0917163295624439,0.0622754668154433
98,98,98,blosum62,False,51200,0,0.8,hf_uniref50_mutbpe_0.8_3_12_0_51200.json,0.1440345292268031,0.8261820596449427,4.1771185282112375,1.2922044850968772,0.7549167040993692,0.5018455949846689,0.3336132648477628,2.9405603444208444,0.9531713870189272,0.2264292201102836,0.3343734645073511
99,99,99,blosum62,False,51200,0.005,0.8,hf_uniref50_mutbpe_0.8_3_12_0.005_51200.json,0.1440732569264111,0.8261319483765156,4.180525997227483,1.2978490772145057,0.7547689243805767,0.501864615264463,0.3335415975164496,2.9408167456314604,0.953620943962472,0.2265505134317685,0.3343890623847345
100,100,100,blosum62,False,6400,0.05,0.9,hf_uniref50_mutbpe_0.9_3_12_0.05_6400.json,0.1625,0.206875,3.43375,0.7370181896300803,0.99890625,0.985,0.9696875,2.4451244276870128,0.7022950066288135,0.0687678487773066,0.0466991041365675
101,101,101,blosum62,False,1600,0,0.9,hf_uniref50_mutbpe_0.9_3_12_0_1600.json,0.128125,0.14125,2.771875,0.5037286704997316,0.9975,0.996875,0.996875,2.1204788723404198,0.584516896540125,0.03610988727257,0.0251520783781449
102,102,102,blosum62,False,3200,0.05,0.9,hf_uniref50_mutbpe_0.9_3_12_0.05_3200.json,0.135,0.1584375,3.0675,0.6689234491378682,0.99875,0.99625,0.9915625,2.2905333621829347,0.6198001074752644,0.0513587437585992,0.0352647037204597
103,103,103,blosum62,False,1600,0.2,0.9,hf_uniref50_mutbpe_0.9_3_12_0.2_1600.json,0.124375,0.13375,2.77,0.5010058675300741,0.9975,0.996875,0.996875,2.122343105321137,0.5842855611995476,0.0351104351139268,0.0249490540025654
104,104,104,blosum62,False,1600,0,0.8,hf_uniref50_mutbpe_0.8_3_12_0_1600.json,0.17375,0.484375,2.825,0.6130741492228149,0.986875,0.978125,0.97375,2.066476989129688,0.6007597030268472,0.0847324713597006,0.0713848066686392
105,105,105,blosum62,False,6400,0.05,0.7,hf_uniref50_mutbpe_0.7_3_12_0.05_6400.json,0.1040625,0.8371875,3.3565625,0.6718416557086695,0.999375,0.97953125,0.93796875,2.399886019947377,0.679230838395939,0.0988817090326154,0.2952824211584638
106,106,106,blosum62,False,1600,0.1,0.9,hf_uniref50_mutbpe_0.9_3_12_0.1_1600.json,0.1275,0.139375,2.770625,0.5019158884708046,0.9975,0.996875,0.996875,2.1209468091602584,0.5844231970766269,0.0360198845299971,0.0251283908061513
107,107,107,blosum62,False,1600,0.005,0.7,hf_uniref50_mutbpe_0.7_3_12_0.005_1600.json,0.085,0.69375,2.874375,0.6021378294074391,0.9975,0.98375,0.969375,2.0464019139402105,0.6149934846088095,0.0518883242599191,0.1476116028093099
108,108,108,blosum62,False,3200,0.05,0.7,hf_uniref50_mutbpe_0.7_3_12_0.05_3200.json,0.114375,0.7715625,3.0284375,0.5552928668921082,0.99875,0.9984375,0.9940625,2.24526083472633,0.6278539467425667,0.0808331107515524,0.2305538957765208
109,109,109,blosum62,False,800,0.05,0.8,hf_uniref50_mutbpe_0.8_3_12_0.05_800.json,0.14,0.36,2.5625,0.607499027847819,0.995,0.99375,0.99375,1.897650876185864,0.5650738302709575,0.0500146966583135,0.0374609972473892
110,110,110,blosum62,False,51200,0.05,0.9,hf_uniref50_mutbpe_0.9_3_12_0.05_51200.json,0.2160657786805203,0.3298308659817975,4.268602788953556,1.9385538860169105,0.8539314870512871,0.5325573219796101,0.3337369633998672,3.025439760250361,1.0767551572960243,0.1453561498063302,0.0954682931485217
111,111,111,blosum62,False,12800,0.005,0.7,hf_uniref50_mutbpe_0.7_3_12_0.005_12800.json,0.07671875,0.8928125,3.7415625,0.937831952846055,0.913671875,0.809765625,0.72859375,2.5312692598772744,0.7423516994897794,0.1102017070822576,0.3510996042054105
112,112,112,pam250,False,800,0.05,0.8,hf_uniref50_mutbpe_0.8_3_12_0.05_800.json,0.04875,0.54625,2.5925,0.6036549089184372,0.995,0.99375,0.99375,1.8918276278898996,0.5866127816860878,0.0239112420768497,0.095389132501998
113,113,113,pam250,False,3200,0,0.9,hf_uniref50_mutbpe_0.9_3_12_0_3200.json,0.1578125,0.62875,3.001875,0.5842543600493165,0.9821875,0.9559375,0.9446875,2.2369561764411783,0.6027002248855141,0.0891645120199008,0.1483354108870013
114,114,114,pam250,False,3200,0.005,0.9,hf_uniref50_mutbpe_0.9_3_12_0.005_3200.json,0.1584375,0.6278125,2.9975,0.5607735915180431,0.9878125,0.9615625,0.9503125,2.2377584594379765,0.6034972896725632,0.0893114892314657,0.148576128493987
115,115,115,pam250,False,51200,0.2,0.8,hf_uniref50_mutbpe_0.8_3_12_0.2_51200.json,0.0577471390071476,0.9283091825176736,4.065714955278678,1.1729286127560197,0.9407296019997656,0.5194117876811312,0.3274420966293012,3.0085460671474373,0.9466605701400758,0.1132817588624244,0.5816962028690135
116,116,116,pam250,False,1600,0.1,0.9,hf_uniref50_mutbpe_0.9_3_12_0.1_1600.json,0.146875,0.508125,2.78,0.5177040766155316,0.9975,0.996875,0.996875,2.0847151939733863,0.5934449369710162,0.0620916476843094,0.1013097708690111
117,117,117,pam250,False,6400,0.005,0.9,hf_uniref50_mutbpe_0.9_3_12_0.005_6400.json,0.1559375,0.70375,3.383125,0.8954205783816924,0.96375,0.9203125,0.8934375,2.3909908245082514,0.6657302545549839,0.1130250268683426,0.1968259423101965
118,118,118,pam250,False,25600,0.05,0.9,hf_uniref50_mutbpe_0.9_3_12_0.05_25600.json,0.1448828125,0.7927734375,3.8612109375,0.9976706818205748,0.94765625,0.776171875,0.6135546875,2.762005463608381,0.8531648935522335,0.1630048073412041,0.3223280519451013
119,119,119,pam250,False,6400,0,0.9,hf_uniref50_mutbpe_0.9_3_12_0_6400.json,0.1553125,0.7046875,3.4034375,0.968670375541944,0.955,0.91234375,0.8859375,2.389146317641008,0.6644178122977755,0.1128519872202651,0.1961005978123013
120,120,120,pam250,False,1600,0.2,0.9,hf_uniref50_mutbpe_0.9_3_12_0.2_1600.json,0.153125,0.489375,2.77,0.4947251465274725,0.9975,0.996875,0.996875,2.0937307482588148,0.5922430996287144,0.0630613937848968,0.1021152571166737
121,121,121,pam250,False,3200,0,0.8,hf_uniref50_mutbpe_0.8_3_12_0_3200.json,0.0596875,0.821875,3.0625,0.686469964977715,0.9659375,0.9315625,0.9053125,2.198566003507383,0.6224650044486425,0.0533726164980547,0.2319676242807559
122,122,122,pam250,False,51200,0.005,0.8,hf_uniref50_mutbpe_0.8_3_12_0.005_51200.json,0.0310623196318539,0.9593245456672648,4.182064581545902,1.0954047335016208,0.6832540363466189,0.4476444895093986,0.3154785118165509,2.873013669617516,0.8803709344112969,0.0958566524350836,0.536102637766498
123,123,123,pam250,False,6400,0,0.8,hf_uniref50_mutbpe_0.8_3_12_0_6400.json,0.05453125,0.88296875,3.5265625,1.1681214140285991,0.88875,0.8365625,0.79953125,2.3430159253604232,0.6538579697124942,0.066406429532541,0.2973695865031664
124,124,124,pam250,False,51200,0.1,0.9,hf_uniref50_mutbpe_0.9_3_12_0.1_51200.json,0.1420870686119411,0.8075818831663444,4.086736587176032,1.2347649923191295,0.8510771273998555,0.5332513036854749,0.3332747407277202,2.982758720638265,0.9570585181108324,0.1895400199929761,0.391585693765036
125,125,125,pam250,False,800,0,0.8,hf_uniref50_mutbpe_0.8_3_12_0_800.json,0.04375,0.55375,2.61,0.6252108530435587,0.995,0.9825,0.97375,1.8798664062628776,0.5837331073077734,0.0223667890346962,0.0904144420444382
126,126,126,pam250,False,800,0.005,0.8,hf_uniref50_mutbpe_0.8_3_12_0.005_800.json,0.045,0.5525,2.61,0.6252108530435587,0.995,0.9925,0.98625,1.8824586344816356,0.5846795843543501,0.0227310724638815,0.0915846202657708
127,127,127,pam250,False,51200,0,0.9,hf_uniref50_mutbpe_0.9_3_12_0_51200.json,0.1257177454005703,0.8335221280418733,4.120424983399086,1.2955737526120543,0.7661028866059919,0.5055661888207492,0.3339322682707706,2.9388792106642154,0.9372006788869232,0.1874858451813178,0.3797965159719487
128,128,128,pam250,False,51200,0.05,0.8,hf_uniref50_mutbpe_0.8_3_12_0.05_51200.json,0.0393354936946082,0.9505719751688596,4.053371334869012,0.8955405245150384,0.8063873814078788,0.486178893530629,0.3271776051223988,2.9403551774877417,0.8889424174633495,0.1008030219908736,0.56664601434021
129,129,129,pam250,False,800,0,0.9,hf_uniref50_mutbpe_0.9_3_12_0_800.json,0.09875,0.37375,2.54125,0.5905373446652679,0.995,0.99125,0.98875,1.9138845108484093,0.5641577550402345,0.0335533406803676,0.054175439567759
130,130,130,pam250,False,25600,0,0.8,hf_uniref50_mutbpe_0.8_3_12_0_25600.json,0.03625,0.9464453125,4.054140625,1.1655256248478787,0.7909765625,0.63109375,0.5155859375,2.6753184032533914,0.793948152866931,0.0859045496405327,0.4490395181823106
131,131,131,pam250,False,25600,0.005,0.9,hf_uniref50_mutbpe_0.9_3_12_0.005_25600.json,0.1365234375,0.805859375,3.895234375,1.0714360721022138,0.8829296875,0.7342578125,0.5915234375,2.738835078250482,0.8479662328138787,0.161711885965048,0.3144649969516818
132,132,132,pam250,False,800,0.1,0.8,hf_uniref50_mutbpe_0.8_3_12_0.1_800.json,0.0525,0.54,2.58375,0.5923888868315744,0.995,0.99375,0.99375,1.897924842782672,0.5882051680634943,0.0251030458686005,0.097234553413574
133,133,133,pam250,False,25600,0.05,0.8,hf_uniref50_mutbpe_0.8_3_12_0.05_25600.json,0.0436328125,0.9384765625,3.8681640625,0.7075086759479096,0.9453125,0.723515625,0.5632421875,2.732974469424429,0.8072267527459757,0.0901510311593483,0.4754749153485347
134,134,134,pam250,False,6400,0.005,0.8,hf_uniref50_mutbpe_0.8_3_12_0.005_6400.json,0.05671875,0.88046875,3.41046875,0.9214075158385612,0.9478125,0.8840625,0.83671875,2.35402681439684,0.6596854746611301,0.0671506881175883,0.3025408572644233
135,135,135,pam250,False,3200,0.005,0.8,hf_uniref50_mutbpe_0.8_3_12_0.005_3200.json,0.0621875,0.8190625,3.0203125,0.5787958113864721,0.9915625,0.9625,0.93625,2.207849712838871,0.6207315229316523,0.0543536996051004,0.2363412978846783
136,136,136,pam250,False,51200,0,0.8,hf_uniref50_mutbpe_0.8_3_12_0_51200.json,0.0304355465318314,0.9598032134002304,4.229057259434239,1.1958098395842742,0.6731351150850204,0.445171114538391,0.314468110028698,2.867486059758998,0.8812895440829047,0.0953286454585608,0.5335270831562074
137,137,137,pam250,False,6400,0.05,0.8,hf_uniref50_mutbpe_0.8_3_12_0.05_6400.json,0.065,0.87203125,3.2996875,0.6516354430093786,0.999375,0.983125,0.9375,2.386112337573959,0.6632990237774793,0.0707569604073347,0.3177667337404639
138,138,138,pam250,False,3200,0.05,0.8,hf_uniref50_mutbpe_0.8_3_12_0.05_3200.json,0.0709375,0.810625,2.9965625,0.519384235021262,0.99875,0.9984375,0.996875,2.230533601878716,0.6227363479465373,0.0574379697872331,0.2462537495773313
139,139,139,pam250,False,51200,0.005,0.9,hf_uniref50_mutbpe_0.9_3_12_0.005_51200.json,0.126105892232877,0.8332324277874343,4.1185868015545966,1.289293474652646,0.7670644298185653,0.5063179891803214,0.3338476261156572,2.939404748951409,0.9374609625448984,0.1875927078073109,0.379866292175285
140,140,140,pam250,False,25600,0.2,0.8,hf_uniref50_mutbpe_0.8_3_12_0.2_25600.json,0.0628125,0.916328125,3.8378125,0.9355703639672568,0.99890625,0.8381640625,0.6209765625,2.794009875358329,0.8498866521463864,0.102965259449152,0.493714372308586
141,141,141,pam250,False,1600,0.05,0.9,hf_uniref50_mutbpe_0.9_3_12_0.05_1600.json,0.143125,0.515,2.7775,0.5142071621715492,0.9975,0.996875,0.996875,2.0796644326844445,0.5928760684448998,0.0612391551599349,0.1000196452574092
142,142,142,pam250,False,3200,0.1,0.8,hf_uniref50_mutbpe_0.8_3_12_0.1_3200.json,0.0734375,0.8084375,2.9890625,0.5064810307820465,0.99875,0.9984375,0.9984375,2.240720298026418,0.6220507746664979,0.0586153122576975,0.2515469883403159
143,143,143,pam250,False,51200,0.05,0.9,hf_uniref50_mutbpe_0.9_3_12_0.05_51200.json,0.134177066854163,0.8204527255327044,4.0883771801332,1.2251043742197514,0.8135583289388879,0.5204781156618035,0.3339387902580027,2.963835989542078,0.9479195112943702,0.1878963097338861,0.3870541622242467
144,144,144,pam250,False,6400,0.1,0.8,hf_uniref50_mutbpe_0.8_3_12_0.1_6400.json,0.06921875,0.86671875,3.3128125,0.6240165727570707,0.999375,0.99921875,0.9853125,2.404116817975313,0.6749727468179493,0.0725268781159223,0.3266544480982313
145,145,145,pam250,False,12800,0.1,0.8,hf_uniref50_mutbpe_0.8_3_12_0.1_12800.json,0.057421875,0.908828125,3.621875,0.6573090891586109,0.9996875,0.9578125,0.84640625,2.573278912615343,0.749147964667633,0.0826901665292114,0.4037921360566023
146,146,146,pam250,False,800,0.1,0.9,hf_uniref50_mutbpe_0.9_3_12_0.1_800.json,0.1,0.37,2.535,0.5802550041467084,0.995,0.99375,0.99375,1.917195590565373,0.565019312450544,0.0338648496068761,0.0553003378174919
147,147,147,pam250,False,6400,0.2,0.8,hf_uniref50_mutbpe_0.8_3_12_0.2_6400.json,0.0825,0.85203125,3.33921875,0.6517981060258684,0.999375,0.99921875,0.99921875,2.4268800266063724,0.6849779603685937,0.0795122048067632,0.3288152080163982
148,148,148,pam250,False,12800,0.2,0.9,hf_uniref50_mutbpe_0.9_3_12_0.2_12800.json,0.1659375,0.72640625,3.6515625,0.6382578903702579,0.999609375,0.986015625,0.895546875,2.595853730163358,0.7649165220446763,0.1378331958064004,0.2606821938152419
149,149,149,pam250,False,25600,0,0.9,hf_uniref50_mutbpe_0.9_3_12_0_25600.json,0.1361328125,0.8061328125,3.9017578125,1.0884533470194024,0.88046875,0.7330078125,0.59125,2.738126669566719,0.8478616326080796,0.16152687116777,0.3142132453994677
150,150,150,pam250,False,3200,0.2,0.8,hf_uniref50_mutbpe_0.8_3_12_0.2_3200.json,0.09125,0.78625,3.0015625,0.5193932628743125,0.99875,0.9984375,0.9984375,2.2629151005622377,0.6235979988447441,0.0659653464460454,0.253954233629148
151,151,151,pam250,False,25600,0.005,0.8,hf_uniref50_mutbpe_0.8_3_12_0.005_25600.json,0.0374609375,0.945,3.963671875,0.9571509436718092,0.818046875,0.6469921875,0.5246484375,2.6854379712124943,0.7950299088148921,0.0864936037205183,0.4532217595364014
152,152,152,pam250,False,25600,0.1,0.9,hf_uniref50_mutbpe_0.9_3_12_0.1_25600.json,0.1514453125,0.78265625,3.8591796875,0.9793233842438828,0.9794140625,0.8005859375,0.6259765625,2.775676884788136,0.8577882758445085,0.1644677795840472,0.3256520322037304
153,153,153,pam250,False,6400,0.1,0.9,hf_uniref50_mutbpe_0.9_3_12_0.1_6400.json,0.1671875,0.6828125,3.35328125,0.6695006680465434,0.999375,0.9940625,0.9703125,2.4126414766789206,0.6760234138159429,0.1142616649015704,0.2031265539098771
154,154,154,pam250,False,1600,0.005,0.9,hf_uniref50_mutbpe_0.9_3_12_0.005_1600.json,0.14,0.52375,2.788125,0.5428334477258944,0.996875,0.9875,0.979375,2.073684319051341,0.5929865207956984,0.0608359623520766,0.0985099415336223
155,155,155,pam250,False,800,0.2,0.9,hf_uniref50_mutbpe_0.9_3_12_0.2_800.json,0.1025,0.36375,2.53375,0.5781684754312346,0.995,0.99375,0.99375,1.9198077357100096,0.5659244558683826,0.0340350727702844,0.0555023695929898
156,156,156,pam250,False,1600,0,0.9,hf_uniref50_mutbpe_0.9_3_12_0_1600.json,0.14,0.52375,2.788125,0.5428334477258944,0.99625,0.986875,0.97875,2.073600748279492,0.592984766022492,0.0608335106248377,0.0984656708976073
157,157,157,pam250,False,3200,0.1,0.9,hf_uniref50_mutbpe_0.9_3_12_0.1_3200.json,0.1709375,0.6015625,2.99625,0.5635469659838892,0.99875,0.9984375,0.9984375,2.2562551505251,0.6072160861913133,0.0911813628316183,0.1527386338153458
158,158,158,pam250,False,1600,0,0.8,hf_uniref50_mutbpe_0.8_3_12_0_1600.json,0.056875,0.720625,2.855,0.5845413204787938,0.993125,0.96375,0.94,2.0351953370920257,0.6130689281186678,0.0383862580943553,0.1568593993131917
159,159,159,pam250,False,12800,0.005,0.9,hf_uniref50_mutbpe_0.9_3_12_0.005_12800.json,0.1428125,0.77140625,3.687109375,0.827201480764208,0.933671875,0.858828125,0.787578125,2.551218373722859,0.7472855565096248,0.1352522710820131,0.2516794279901359
160,160,160,pam250,False,3200,0.2,0.9,hf_uniref50_mutbpe_0.9_3_12_0.2_3200.json,0.1775,0.58125,2.9975,0.5472315158858665,0.99875,0.9984375,0.9984375,2.266970856749812,0.6098066674616712,0.0918078622808293,0.1534109649213135
161,161,161,pam250,False,12800,0,0.8,hf_uniref50_mutbpe_0.8_3_12_0_12800.json,0.04390625,0.923125,3.898359375,1.4147870635195785,0.841953125,0.7453125,0.6728125,2.4947152452022943,0.7238384176361254,0.0762056026586931,0.3677206784565706
162,162,162,pam250,False,6400,0.2,0.9,hf_uniref50_mutbpe_0.9_3_12_0.2_6400.json,0.1734375,0.66515625,3.36359375,0.6487172652917024,0.999375,0.99921875,0.99734375,2.424691939803876,0.6835994577990266,0.1144689660311852,0.2038532182482103
163,163,163,pam250,False,12800,0.05,0.9,hf_uniref50_mutbpe_0.9_3_12_0.05_12800.json,0.153046875,0.756796875,3.65359375,0.6899111505802585,0.990703125,0.91609375,0.833515625,2.570414907596615,0.7540232547290592,0.13649965361728,0.2576520491183825
164,164,164,pam250,False,51200,0.1,0.8,hf_uniref50_mutbpe_0.8_3_12_0.1_51200.json,0.0451155708261752,0.9439520537248164,4.037170076526628,1.076566548223883,0.8687138841168203,0.5009956270498204,0.3263509292519131,2.9709527800221323,0.9184827681361372,0.1039947061137108,0.5784462395400292
165,165,165,pam250,False,800,0.005,0.9,hf_uniref50_mutbpe_0.9_3_12_0.005_800.json,0.09875,0.37375,2.54125,0.5905373446652679,0.995,0.99125,0.98875,1.9138845108484093,0.5641577550402345,0.0335533406803676,0.054175439567759
166,166,166,pam250,False,51200,0.2,0.9,hf_uniref50_mutbpe_0.9_3_12_0.2_51200.json,0.1590531804777064,0.7786848426849989,4.096302950998965,1.3528793771252847,0.9103372849247114,0.5353397261879187,0.3341796379118411,3.010062963245137,0.9872539227045712,0.1911348077362618,0.3929042545086472
167,167,167,pam250,False,25600,0.1,0.8,hf_uniref50_mutbpe_0.8_3_12_0.1_25600.json,0.0499609375,0.9309375,3.8443359375,0.761147829169747,0.994375,0.7776171875,0.59140625,2.76250861843142,0.8268690858906607,0.0934377808559822,0.4887660104297691
168,168,168,pam250,False,1600,0.005,0.8,hf_uniref50_mutbpe_0.8_3_12_0.005_1600.json,0.058125,0.71875,2.8525,0.5817690990013525,0.9975,0.979375,0.955625,2.039216499524089,0.6139046391596577,0.0388357523360743,0.1586215274331067
169,169,169,pam250,False,800,0.2,0.8,hf_uniref50_mutbpe_0.8_3_12_0.2_800.json,0.06125,0.5225,2.5675,0.5816929674540358,0.995,0.99375,0.99375,1.911056003413568,0.585356462548516,0.0279254370394555,0.0989471665746765
170,170,170,pam250,False,12800,0.2,0.8,hf_uniref50_mutbpe_0.8_3_12_0.2_12800.json,0.06875,0.896015625,3.629765625,0.6202849679227856,0.9996875,0.999609375,0.9165625,2.599019570183572,0.7589117997108034,0.0902515354236686,0.4068728527180902
171,171,171,pam250,False,12800,0.005,0.8,hf_uniref50_mutbpe_0.8_3_12_0.005_12800.json,0.04609375,0.921015625,3.74515625,1.0767376599699348,0.896875,0.78734375,0.704375,2.510665512986,0.729182447824301,0.0771605838380686,0.374808266783926
172,172,172,pam250,False,12800,0.1,0.9,hf_uniref50_mutbpe_0.9_3_12_0.1_12800.json,0.15765625,0.7471875,3.6475,0.6589500535400201,0.999609375,0.948046875,0.858671875,2.5811030195448192,0.7586408237176433,0.1376031744698484,0.2603077641705071
173,173,173,pam250,False,12800,0,0.9,hf_uniref50_mutbpe_0.9_3_12_0_12800.json,0.141875,0.7728125,3.7,0.8729781144695663,0.926640625,0.852890625,0.78328125,2.549235670338308,0.746529399794176,0.1350052073713657,0.2510150024605247
174,174,174,pam250,False,25600,0.2,0.9,hf_uniref50_mutbpe_0.9_3_12_0.2_25600.json,0.1625390625,0.76171875,3.86015625,0.9838605273943766,0.9987890625,0.8369140625,0.644453125,2.7939562451729114,0.865565417989177,0.1651177468653284,0.3263435154489565
175,175,175,pam250,False,1600,0.05,0.8,hf_uniref50_mutbpe_0.8_3_12_0.05_1600.json,0.064375,0.70875,2.7975,0.5188082268383444,0.9975,0.996875,0.996875,2.0623104124513443,0.6129871875956153,0.0412127898534547,0.1689369245959932
176,176,176,pam250,False,1600,0.1,0.8,hf_uniref50_mutbpe_0.8_3_12_0.1_1600.json,0.066875,0.708125,2.795,0.5105270792883363,0.9975,0.996875,0.996875,2.070992648583338,0.6143939497107427,0.0422893901077078,0.1736125730314014
177,177,177,pam250,False,3200,0.05,0.9,hf_uniref50_mutbpe_0.9_3_12_0.05_3200.json,0.1653125,0.611875,2.9859375,0.519806871192122,0.99875,0.998125,0.9934375,2.249917045153978,0.6043449315329341,0.0901788072257509,0.1516645425005921
178,178,178,pam250,False,800,0.05,0.9,hf_uniref50_mutbpe_0.9_3_12_0.05_800.json,0.10125,0.37,2.53625,0.5823313702532058,0.995,0.99375,0.99375,1.9166420353879572,0.5648985852070768,0.0340014733720572,0.0550216275910055
179,179,179,pam250,False,6400,0.05,0.9,hf_uniref50_mutbpe_0.9_3_12_0.05_6400.json,0.16328125,0.68984375,3.35453125,0.7225271014772526,0.999375,0.9734375,0.94609375,2.4054652788816075,0.6728916394181049,0.1135543230351169,0.2012919647732158
180,180,180,pam250,False,12800,0.05,0.8,hf_uniref50_mutbpe_0.8_3_12_0.05_12800.json,0.05265625,0.914765625,3.62421875,0.703172867236274,0.999453125,0.90203125,0.793046875,2.5514587415921226,0.7412503045422016,0.0807091660582546,0.3942031355428213
181,181,181,pam250,False,1600,0.2,0.8,hf_uniref50_mutbpe_0.8_3_12_0.2_1600.json,0.079375,0.690625,2.785625,0.5085075927234626,0.9975,0.996875,0.996875,2.0870340934313343,0.6121876084038816,0.0461382759748415,0.1757522521413513
182,182,182,blosum45,False,800,0.05,0.8,hf_uniref50_mutbpe_0.8_3_12_0.05_800.json,0.14125,0.38625,2.55125,0.6023512025504868,0.995,0.99375,0.99375,1.9041303112826704,0.5622650161531967,0.0496790765888095,0.048737981239886
183,183,183,blosum45,False,12800,0.05,0.7,hf_uniref50_mutbpe_0.7_3_12_0.05_12800.json,0.075625,0.89359375,3.661328125,0.6775021004909303,0.997734375,0.89796875,0.7903125,2.552498699807613,0.7522690752094384,0.1024225110718246,0.3693527003161532
184,184,184,blosum45,False,6400,0.005,0.8,hf_uniref50_mutbpe_0.8_3_12_0.005_6400.json,0.1734375,0.71609375,3.496875,1.0215629180020127,0.95375,0.91140625,0.873125,2.382545600998465,0.6761982724224349,0.1503090320048286,0.1848456670638486
185,185,185,blosum45,False,800,0,0.9,hf_uniref50_mutbpe_0.9_3_12_0_800.json,0.01125,0.01125,2.52,0.5873936406800717,0.995,0.99375,0.99375,1.945772694645198,0.5625701955190225,0.0028317353465896,0.0008666082830303
186,186,186,blosum45,False,25600,0.05,0.8,hf_uniref50_mutbpe_0.8_3_12_0.05_25600.json,0.1559375,0.8037109375,3.8953515625,0.9693664673078172,0.9416015625,0.7625390625,0.6091015625,2.7577839881965205,0.8637369944172804,0.2076987864089469,0.3126017501049208
187,187,187,blosum45,False,1600,0,0.8,hf_uniref50_mutbpe_0.8_3_12_0_1600.json,0.191875,0.538125,2.849375,0.7120421243625912,0.985625,0.973125,0.964375,2.0632221884645303,0.5965046787664577,0.0897491132078181,0.090091819056534
188,188,188,blosum45,False,1600,0.1,0.9,hf_uniref50_mutbpe_0.9_3_12_0.1_1600.json,0.033125,0.035625,2.77625,0.5185113028970728,0.9975,0.996875,0.996875,2.121331354887602,0.5850236573292702,0.0076499539393902,0.0035446726551851
189,189,189,blosum45,False,3200,0.005,0.8,hf_uniref50_mutbpe_0.8_3_12_0.005_3200.json,0.1978125,0.62375,3.0478125,0.6199972490082057,0.99,0.97375,0.9615625,2.2377652493971163,0.6121448957712902,0.1258462700197217,0.139238922620398
190,190,190,blosum45,False,1600,0.2,0.9,hf_uniref50_mutbpe_0.9_3_12_0.2_1600.json,0.029375,0.03125,2.7725,0.5058692418067429,0.9975,0.996875,0.996875,2.122209153739772,0.5845377495167766,0.0069683510173497,0.0034131951685025
191,191,191,blosum45,False,1600,0,0.9,hf_uniref50_mutbpe_0.9_3_12_0_1600.json,0.034375,0.039375,2.77875,0.521985373795603,0.99625,0.995625,0.995625,2.12040022556342,0.5852098605368559,0.0079923782258463,0.0035907480662843
192,192,192,blosum45,False,800,0,0.7,hf_uniref50_mutbpe_0.7_3_12_0_800.json,0.0525,0.545,2.6375,0.6626784124656053,0.99375,0.97625,0.9625,1.873546810840069,0.5794649657072426,0.0255257952057872,0.0811624886644746
193,193,193,blosum45,False,51200,0,0.7,hf_uniref50_mutbpe_0.7_3_12_0_51200.json,0.0506882749194571,0.9408962218100166,4.262013082104852,1.2081640514089391,0.6892121448794298,0.4608220247974226,0.3279507956653324,2.889256045094745,0.8959193007820206,0.1287996129363362,0.5106151948605676
194,194,194,blosum45,False,12800,0.005,0.9,hf_uniref50_mutbpe_0.9_3_12_0.005_12800.json,0.22328125,0.30734375,3.75890625,1.090555119464989,0.97,0.943984375,0.9028125,2.611748812786504,0.8069894113261208,0.0662203600931946,0.044037832650853
195,195,195,blosum45,False,51200,0.2,0.8,hf_uniref50_mutbpe_0.8_3_12_0.2_51200.json,0.1811080516335657,0.77919034507001,4.110980920577265,1.3699412267457731,0.9042513718827504,0.530806335071377,0.3349346768996426,3.012445765583145,0.9987848406716272,0.2452058722533551,0.3808486234472407
196,196,196,blosum45,False,25600,0.005,0.7,hf_uniref50_mutbpe_0.7_3_12_0.005_25600.json,0.0566015625,0.92796875,4.0059765625,0.9394764208781669,0.81,0.65203125,0.5335546875,2.6924327358080027,0.8027806191101172,0.1139724887824054,0.4301225879372768
197,197,197,blosum45,False,1600,0.005,0.7,hf_uniref50_mutbpe_0.7_3_12_0.005_1600.json,0.07375,0.705625,2.88,0.6089595798213212,0.9975,0.98125,0.963125,2.0368128104308734,0.6120787310141401,0.0464857013421283,0.1473793887478995
198,198,198,blosum45,False,800,0,0.8,hf_uniref50_mutbpe_0.8_3_12_0_800.json,0.13625,0.395,2.56,0.6118561595260257,0.98875,0.98375,0.98375,1.900351993606894,0.5624878105171102,0.0490765718583254,0.0480464702679595
199,199,199,blosum45,False,51200,0.1,0.7,hf_uniref50_mutbpe_0.7_3_12_0.1_51200.json,0.0695439898447417,0.919460990137682,4.079562542720438,1.139838472605864,0.8557562738013866,0.5101259642613026,0.3321550629821306,2.9766754332573995,0.9403591035856116,0.1368020025928443,0.5444720160629343
200,200,200,blosum45,False,51200,0.05,0.9,hf_uniref50_mutbpe_0.9_3_12_0.05_51200.json,0.26892052889592,0.3789379113689186,4.262006601433566,1.9102119761389167,0.8724829593172009,0.5352043905392473,0.3349934571590399,3.0291884677690533,1.0771899787708137,0.1289043460545526,0.0893606056589948
201,201,201,blosum45,False,800,0.2,0.8,hf_uniref50_mutbpe_0.8_3_12_0.2_800.json,0.1625,0.35625,2.54375,0.5861018099823448,0.995,0.99375,0.99375,1.9187959374292645,0.5681476451452987,0.0554294951793614,0.0503072251906444
202,202,202,blosum45,False,12800,0,0.9,hf_uniref50_mutbpe_0.9_3_12_0_12800.json,0.222890625,0.308515625,3.76296875,1.1020599222157,0.968515625,0.9425,0.901328125,2.611299997415247,0.80678052020593,0.0662074461424213,0.0440054796764644
203,203,203,blosum45,False,800,0.005,0.8,hf_uniref50_mutbpe_0.8_3_12_0.005_800.json,0.13875,0.39125,2.565,0.6194793728339212,0.995,0.9925,0.99125,1.9016701318005775,0.5636090205433216,0.0495231798678255,0.0481115127623765
204,204,204,blosum45,False,51200,0.1,0.9,hf_uniref50_mutbpe_0.9_3_12_0.1_51200.json,0.2658489902738174,0.3618218038357876,4.257665716182961,2.0022624271506277,0.8906488027811413,0.5357017304011562,0.3350064450607398,3.0370506316811907,1.0894253020334927,0.1266021267798892,0.0895843022186398
205,205,205,blosum45,False,51200,0.005,0.7,hf_uniref50_mutbpe_0.7_3_12_0.005_51200.json,0.0512290687927639,0.9403497144193844,4.2329675042398485,1.1525838610036407,0.6975574572603754,0.4633033782334938,0.3279401157917308,2.894708533603132,0.8960326034516085,0.1291485237067936,0.5131625617490823
206,206,206,blosum45,False,3200,0,0.7,hf_uniref50_mutbpe_0.7_3_12_0_3200.json,0.0878125,0.8,3.141875,0.830714834708752,0.955625,0.913125,0.8928125,2.206225595573214,0.6232039741551789,0.069548540416094,0.2201814525658414
207,207,207,blosum45,False,12800,0.2,0.7,hf_uniref50_mutbpe_0.7_3_12_0.2_12800.json,0.098046875,0.8690625,3.641640625,0.6173017526102494,0.999609375,0.996953125,0.9084375,2.5976906364944528,0.7645029712558412,0.1140563183561829,0.38104497841532
208,208,208,blosum45,False,25600,0.2,0.8,hf_uniref50_mutbpe_0.8_3_12_0.2_25600.json,0.1843359375,0.763203125,3.86984375,1.3036909590106536,0.998671875,0.8357421875,0.649609375,2.798350150472692,0.8999543417440757,0.2166154129467984,0.3148295473373657
209,209,209,blosum45,False,3200,0.005,0.9,hf_uniref50_mutbpe_0.9_3_12_0.005_3200.json,0.08875,0.115,3.12125,0.838834504559384,0.993125,0.98625,0.983125,2.2874278204260285,0.6222807418865939,0.0199157313941808,0.0110323142002753
210,210,210,blosum45,False,1600,0.05,0.9,hf_uniref50_mutbpe_0.9_3_12_0.05_1600.json,0.034375,0.038125,2.778125,0.5211201524200407,0.9975,0.996875,0.996875,2.1207388343326,0.5851886377356533,0.0079936545364792,0.0035903629470939
211,211,211,blosum45,False,25600,0.05,0.9,hf_uniref50_mutbpe_0.9_3_12_0.05_25600.json,0.254453125,0.347265625,3.9403125,1.4401181516238009,0.9666796875,0.8734375,0.67515625,2.815820061814616,0.9227601325324276,0.0961761353838086,0.0673902765112731
212,212,212,blosum45,False,6400,0.005,0.9,hf_uniref50_mutbpe_0.9_3_12_0.005_6400.json,0.166875,0.2228125,3.476875,0.8645198174524008,0.9875,0.97484375,0.96640625,2.4408669458843923,0.704965607645565,0.0399898636110698,0.0250570033974775
213,213,213,blosum45,False,1600,0.2,0.7,hf_uniref50_mutbpe_0.7_3_12_0.2_1600.json,0.10625,0.666875,2.789375,0.5137383222905108,0.9975,0.996875,0.996875,2.0873180171006878,0.6065337161028216,0.0560111610800729,0.1633380633454315
214,214,214,blosum45,False,6400,0,0.7,hf_uniref50_mutbpe_0.7_3_12_0_6400.json,0.08125,0.86125,3.56734375,1.2024987556521205,0.90234375,0.84296875,0.8065625,2.354016795979315,0.6632492732283892,0.0862780630329605,0.2838781388724535
215,215,215,blosum45,False,12800,0.1,0.8,hf_uniref50_mutbpe_0.8_3_12_0.1_12800.json,0.1709375,0.758828125,3.66234375,0.6964830610912669,0.999609375,0.943203125,0.849375,2.576588520173795,0.7657820345365164,0.1790409515323736,0.2509316800566257
216,216,216,blosum45,False,25600,0.1,0.7,hf_uniref50_mutbpe_0.7_3_12_0.1_25600.json,0.0744140625,0.908125,3.8580859375,0.860327117422279,0.9926171875,0.7895703125,0.6021875,2.7691911218872467,0.8516457378341149,0.1219271732215256,0.4614047311835493
217,217,217,blosum45,False,12800,0.2,0.9,hf_uniref50_mutbpe_0.9_3_12_0.2_12800.json,0.21671875,0.276796875,3.7225,1.1671172473057334,0.997890625,0.983828125,0.939921875,2.62316758534156,0.8238724892327265,0.0624342056980488,0.0444070263898062
218,218,218,blosum45,False,1600,0.1,0.7,hf_uniref50_mutbpe_0.7_3_12_0.1_1600.json,0.09125,0.68375,2.828125,0.5766643937459499,0.9975,0.996875,0.996875,2.069902017761269,0.616306049832408,0.0512215690405614,0.1600924175750565
219,219,219,blosum45,False,1600,0.05,0.7,hf_uniref50_mutbpe_0.7_3_12_0.05_1600.json,0.08625,0.689375,2.848125,0.6054238768575024,0.9975,0.996875,0.996875,2.0610150046120315,0.6170608749634536,0.0496876282607695,0.1565852188074
220,220,220,blosum45,False,25600,0.1,0.9,hf_uniref50_mutbpe_0.9_3_12_0.1_25600.json,0.2525390625,0.3367578125,3.92578125,1.4139509090246956,0.9790625,0.8848046875,0.6753125,2.82022697772504,0.9229721404811482,0.0946804031618769,0.067517288208531
221,221,221,blosum45,False,12800,0.005,0.8,hf_uniref50_mutbpe_0.8_3_12_0.005_12800.json,0.15296875,0.78265625,3.76171875,1.0061628281782045,0.92015625,0.83921875,0.76265625,2.542950549704419,0.7531486107832516,0.175712206686195,0.2402798048018882
222,222,222,blosum45,False,51200,0.05,0.8,hf_uniref50_mutbpe_0.8_3_12_0.05_51200.json,0.1480989669784608,0.8267882598761936,4.114472065457244,1.2194794908976203,0.8114979788709016,0.5176433829990822,0.3365424046554316,2.9638074034482087,0.9606554153076752,0.2366515361280958,0.3796164385029675
223,223,223,blosum45,False,800,0.2,0.9,hf_uniref50_mutbpe_0.9_3_12_0.2_800.json,0.00875,0.00875,2.5175,0.5831971353009882,0.995,0.99375,0.99375,1.9462634212355332,0.5624543219277481,0.002364289126777,0.000800851590958
224,224,224,blosum45,False,3200,0.1,0.8,hf_uniref50_mutbpe_0.8_3_12_0.1_3200.json,0.205,0.606875,3.035625,0.5640968875386487,0.99875,0.9984375,0.9984375,2.249958000643516,0.6139585904876336,0.1264897568349122,0.1424116823701548
225,225,225,blosum45,False,6400,0.1,0.8,hf_uniref50_mutbpe_0.8_3_12_0.1_6400.json,0.18703125,0.694375,3.38203125,0.6758548260231098,0.999375,0.99765625,0.96546875,2.407216691136038,0.684902775750562,0.1525477631469287,0.192800912884903
226,226,226,blosum45,False,6400,0.2,0.8,hf_uniref50_mutbpe_0.8_3_12_0.2_6400.json,0.20359375,0.6653125,3.384375,0.6525027849418964,0.999375,0.99921875,0.996875,2.4251208947361382,0.6927593832436886,0.1577524222243316,0.1921125268627566
227,227,227,blosum45,False,800,0.1,0.7,hf_uniref50_mutbpe_0.7_3_12_0.1_800.json,0.06,0.52625,2.59125,0.6161558224157839,0.995,0.99375,0.99375,1.894339916011751,0.5816406350749572,0.0279531873435237,0.0885202959615277
228,228,228,blosum45,False,6400,0.05,0.8,hf_uniref50_mutbpe_0.8_3_12_0.05_6400.json,0.18203125,0.703125,3.3928125,0.7285473728028108,0.999375,0.978125,0.93734375,2.3984691807333065,0.6816752682862145,0.1514257036319069,0.1907155245597019
229,229,229,blosum45,False,3200,0.05,0.8,hf_uniref50_mutbpe_0.8_3_12_0.05_3200.json,0.2021875,0.6153125,3.035625,0.5723488701256467,0.99875,0.9984375,0.9928125,2.243852002430366,0.6127681036746648,0.1258730641831038,0.1414042229993723
230,230,230,blosum45,False,3200,0.2,0.8,hf_uniref50_mutbpe_0.8_3_12_0.2_3200.json,0.2203125,0.5759375,3.038125,0.5650409335992401,0.99875,0.9984375,0.9984375,2.264544977954261,0.6190162822425456,0.131179669650656,0.1413886307896036
231,231,231,blosum45,False,25600,0,0.7,hf_uniref50_mutbpe_0.7_3_12_0_25600.json,0.0555859375,0.9291015625,4.064375,1.07032149792037,0.795390625,0.6423828125,0.526875,2.686086438489993,0.8023336996832561,0.1134709901087343,0.4270247058862093
232,232,232,blosum45,False,12800,0,0.8,hf_uniref50_mutbpe_0.8_3_12_0_12800.json,0.14984375,0.78609375,3.82046875,1.1431434171688954,0.903359375,0.824609375,0.75140625,2.537830257415421,0.7516920423263925,0.1746849753522807,0.2385758830417084
233,233,233,blosum45,False,3200,0,0.8,hf_uniref50_mutbpe_0.8_3_12_0_3200.json,0.1965625,0.6259375,3.0671875,0.6848867966277792,0.9778125,0.96125,0.9490625,2.2347001562729782,0.61110264253324,0.1254228016335132,0.1380954372168865
234,234,234,blosum45,False,6400,0.1,0.9,hf_uniref50_mutbpe_0.9_3_12_0.1_6400.json,0.165,0.2075,3.4390625,0.7183695112190968,0.999375,0.996875,0.98828125,2.445899128239943,0.7068986443546171,0.0389674766737827,0.0254203008427297
235,235,235,blosum45,False,800,0.005,0.9,hf_uniref50_mutbpe_0.9_3_12_0.005_800.json,0.01125,0.01125,2.52,0.5873936406800717,0.995,0.99375,0.99375,1.945772694645198,0.5625701955190225,0.0028317353465896,0.0008666082830303
236,236,236,blosum45,False,800,0.2,0.7,hf_uniref50_mutbpe_0.7_3_12_0.2_800.json,0.07375,0.50125,2.55875,0.5826429253608864,0.995,0.99375,0.99375,1.910412781787907,0.5769453947366388,0.0317014741441926,0.0899795772952574
237,237,237,blosum45,False,51200,0.1,0.8,hf_uniref50_mutbpe_0.8_3_12_0.1_51200.json,0.1585515907892423,0.8118786742446437,4.096111404074139,1.2088058720650268,0.8504326087381106,0.5314935255170797,0.336887951407199,2.984142248770799,0.96848483839213,0.238933414763036,0.3841291117571416
238,238,238,blosum45,False,12800,0.005,0.7,hf_uniref50_mutbpe_0.7_3_12_0.005_12800.json,0.068828125,0.901484375,3.753359375,0.9639309456328642,0.91234375,0.807265625,0.724921875,2.52247357607458,0.7391680557120321,0.1002593396535426,0.3566116904300623
239,239,239,blosum45,False,1600,0.005,0.8,hf_uniref50_mutbpe_0.8_3_12_0.005_1600.json,0.19375,0.535625,2.824375,0.6314903775478964,0.99625,0.985,0.976875,2.065743426432305,0.596541518690648,0.0902462598481437,0.0909143958662958
240,240,240,blosum45,False,51200,0.2,0.7,hf_uniref50_mutbpe_0.7_3_12_0.2_51200.json,0.0875373527860784,0.8983222983926095,4.087654537997305,1.1735912967910396,0.9208023280795296,0.5283099939454308,0.3337630124411632,3.009744394646895,0.9656568766028758,0.147082381434719,0.5464545568566764
241,241,241,blosum45,False,3200,0.1,0.9,hf_uniref50_mutbpe_0.9_3_12_0.1_3200.json,0.0859375,0.1009375,3.07375,0.6616817642277875,0.99875,0.9984375,0.9978125,2.2911294316934105,0.6229807229287527,0.0192128284623327,0.0110914852854114
242,242,242,blosum45,False,6400,0,0.8,hf_uniref50_mutbpe_0.8_3_12_0_6400.json,0.16953125,0.72125,3.5771875,1.2126507571779277,0.9271875,0.88734375,0.8515625,2.3764513453122635,0.6726957384302674,0.1493595804714229,0.1828829625215452
243,243,243,blosum45,False,800,0.005,0.7,hf_uniref50_mutbpe_0.7_3_12_0.005_800.json,0.05375,0.53875,2.6275,0.6571023355225474,0.995,0.98875,0.98125,1.8789482780071447,0.5790983102328415,0.0259350930538977,0.0825648727639909
244,244,244,blosum45,False,3200,0.2,0.9,hf_uniref50_mutbpe_0.9_3_12_0.2_3200.json,0.0809375,0.09375,3.06875,0.6347435257998759,0.99875,0.9984375,0.9984375,2.292707559380029,0.6227797351647862,0.0180504304087095,0.0108721851415473
245,245,245,blosum45,False,3200,0,0.9,hf_uniref50_mutbpe_0.9_3_12_0_3200.json,0.088125,0.1175,3.1303125,0.8677219868977595,0.989375,0.9825,0.979375,2.286590715428829,0.6218691973388667,0.0198352719036745,0.0109431171839029
246,246,246,blosum45,False,51200,0.005,0.8,hf_uniref50_mutbpe_0.8_3_12_0.005_51200.json,0.135309857229351,0.8423663600320306,4.206148317415676,1.385775282993112,0.7510986113552469,0.4984668268197886,0.3350325188961153,2.9331114457483927,0.9512530264085984,0.2347918160017573,0.3694328861422647
247,247,247,blosum45,False,800,0.1,0.9,hf_uniref50_mutbpe_0.9_3_12_0.1_800.json,0.01,0.01,2.51875,0.5853004854968973,0.995,0.99375,0.99375,1.9460449856739823,0.562568875084446,0.0026344039914945,0.0008478187731299
248,248,248,blosum45,False,51200,0.2,0.9,hf_uniref50_mutbpe_0.9_3_12_0.2_51200.json,0.256484375,0.33228515625,4.2626953125,2.5117266254445583,0.9204296875,0.536328125,0.3357421875,3.0481780445028592,1.141392572238764,0.1219392401366139,0.0888811737005763
249,249,249,blosum45,False,6400,0,0.9,hf_uniref50_mutbpe_0.9_3_12_0_6400.json,0.16640625,0.22515625,3.48640625,0.8989251750545922,0.9840625,0.9715625,0.963125,2.4400666347205275,0.7045846724581022,0.0399639585788342,0.0249871379108217
250,250,250,blosum45,False,6400,0.2,0.9,hf_uniref50_mutbpe_0.9_3_12_0.2_6400.json,0.16125,0.20078125,3.43375,0.6937659132344243,0.999375,0.99921875,0.99484375,2.447775741614916,0.7069507221200109,0.037508347358075,0.0252364586933557
251,251,251,blosum45,False,25600,0,0.9,hf_uniref50_mutbpe_0.9_3_12_0_25600.json,0.2558984375,0.3636328125,3.9729296875,1.494841061043825,0.9415234375,0.853359375,0.67453125,2.8076422946426454,0.920755183393216,0.0977654138174025,0.0665292260360742
252,252,252,blosum45,False,3200,0.005,0.7,hf_uniref50_mutbpe_0.7_3_12_0.005_3200.json,0.0928125,0.795,3.068125,0.6397162424834587,0.9871875,0.9490625,0.93,2.217958092331122,0.6241025462899564,0.0711616565540805,0.2252101628833772
253,253,253,blosum45,False,12800,0.05,0.8,hf_uniref50_mutbpe_0.8_3_12_0.05_12800.json,0.163515625,0.769453125,3.66984375,0.740423649564518,0.989609375,0.907578125,0.818515625,2.5642045353135896,0.7612757635596151,0.1773597540580628,0.2480612230943057
254,254,254,blosum45,False,6400,0.005,0.7,hf_uniref50_mutbpe_0.7_3_12_0.005_6400.json,0.08453125,0.8578125,3.43203125,0.9075428044047552,0.953125,0.8934375,0.85296875,2.368061956628305,0.6689013764432511,0.0875357431383235,0.2901507986897643
255,255,255,blosum45,False,25600,0.05,0.7,hf_uniref50_mutbpe_0.7_3_12_0.05_25600.json,0.0665625,0.9166796875,3.883828125,0.7902513776529702,0.9429296875,0.7407421875,0.5800390625,2.743573877468419,0.8311900830106129,0.1178851606195822,0.4510672507078134
256,256,256,blosum45,False,800,0.05,0.7,hf_uniref50_mutbpe_0.7_3_12_0.05_800.json,0.05875,0.5275,2.5975,0.6252859170792366,0.995,0.99375,0.99375,1.8917234577485893,0.5812231451580553,0.0275449536985775,0.0873850052733303
257,257,257,blosum45,False,25600,0.005,0.9,hf_uniref50_mutbpe_0.9_3_12_0.005_25600.json,0.25609375,0.3633984375,3.97046875,1.4890471423183902,0.9423046875,0.85390625,0.67453125,2.807900627525057,0.920756634225436,0.0977197105511169,0.0666010874258172
258,258,258,blosum45,False,51200,0,0.8,hf_uniref50_mutbpe_0.8_3_12_0_51200.json,0.1347381989336562,0.8430170107220281,4.223443938831709,1.4124210986612622,0.7477686854285882,0.497861453430463,0.3349217819268402,2.9314667810373147,0.951090091341734,0.2345875548252369,0.3688210932758088
259,259,259,blosum45,False,3200,0.05,0.9,hf_uniref50_mutbpe_0.9_3_12_0.05_3200.json,0.0878125,0.1053125,3.0825,0.6965776204911969,0.99875,0.996875,0.9940625,2.289961540937611,0.6227100301649139,0.0198075866964226,0.0110723762749047
260,260,260,blosum45,False,1600,0.005,0.9,hf_uniref50_mutbpe_0.9_3_12_0.005_1600.json,0.034375,0.03875,2.778125,0.5211201524200407,0.996875,0.99625,0.99625,2.1205703294174456,0.5851991421168251,0.0079930193945854,0.0035909402798433
261,261,261,blosum45,False,1600,0,0.7,hf_uniref50_mutbpe_0.7_3_12_0_1600.json,0.07125,0.709375,2.88875,0.6157194015851947,0.99,0.963125,0.941875,2.030109771269864,0.6120481031809671,0.0455990330313957,0.1446901922843825
262,262,262,blosum45,False,6400,0.2,0.7,hf_uniref50_mutbpe_0.7_3_12_0.2_6400.json,0.11328125,0.825,3.3646875,0.6308745638144009,0.999375,0.99921875,0.99921875,2.424692205528229,0.6894401447591764,0.0980729632599545,0.3064049678027196
263,263,263,blosum45,False,51200,0.05,0.7,hf_uniref50_mutbpe_0.7_3_12_0.05_51200.json,0.0606823593707303,0.9298903072178633,4.091521255416325,1.1111922628180382,0.8019674434945544,0.4943982511613382,0.3329039309833314,2.9489485647002813,0.9265193708349794,0.1327241884832943,0.5346715540071247
264,264,264,blosum45,False,3200,0.2,0.7,hf_uniref50_mutbpe_0.7_3_12_0.2_3200.json,0.1259375,0.7584375,3.0084375,0.5253118538198773,0.99875,0.9984375,0.9984375,2.26418438228443,0.6201793734066449,0.081351265665394,0.2385498405701854
265,265,265,blosum45,False,6400,0.05,0.9,hf_uniref50_mutbpe_0.9_3_12_0.05_6400.json,0.16609375,0.21375,3.45234375,0.7723807974218241,0.99875,0.98859375,0.97984375,2.443950338321181,0.7064743011861677,0.0396215106347819,0.0253241600294092
266,266,266,blosum45,False,25600,0,0.8,hf_uniref50_mutbpe_0.8_3_12_0_25600.json,0.1412109375,0.8212890625,3.9987890625,1.1925613300440945,0.8535546875,0.7059375,0.57859375,2.7270309885431034,0.8564956207941437,0.2044859778987111,0.3020976207638128
267,267,267,blosum45,False,12800,0,0.7,hf_uniref50_mutbpe_0.7_3_12_0_12800.json,0.06703125,0.9034375,3.86546875,1.2212899410248337,0.871171875,0.778203125,0.704296875,2.511893472199973,0.7345871016498905,0.0997222205507746,0.3518552935621402
268,268,268,blosum45,False,51200,0.005,0.9,hf_uniref50_mutbpe_0.9_3_12_0.005_51200.json,0.2713761181203859,0.3962931135502519,4.269110581617905,1.9038576207989788,0.852466700519511,0.5351158157884458,0.3348892621381977,3.020026150442713,1.0681340387914429,0.1315202923913787,0.0886053383867014
269,269,269,blosum45,False,3200,0.05,0.7,hf_uniref50_mutbpe_0.7_3_12_0.05_3200.json,0.1046875,0.780625,3.0296875,0.5535358190202494,0.99875,0.9984375,0.9946875,2.242343574602539,0.6245912505184447,0.0744529474171966,0.2350938635491112
270,270,270,blosum45,False,3200,0.1,0.7,hf_uniref50_mutbpe_0.7_3_12_0.1_3200.json,0.110625,0.775,3.0271875,0.551967887440238,0.99875,0.9984375,0.9984375,2.250483003583493,0.6260697893843644,0.0761920988201835,0.23787801883597
271,271,271,blosum45,False,6400,0.1,0.7,hf_uniref50_mutbpe_0.7_3_12_0.1_6400.json,0.0971875,0.84390625,3.35984375,0.6610499261065221,0.999375,0.99921875,0.9759375,2.405428404154637,0.6818670364903672,0.0920202024045666,0.3053169114957031
272,272,272,blosum45,False,800,0.1,0.8,hf_uniref50_mutbpe_0.8_3_12_0.1_800.json,0.14375,0.38125,2.54625,0.5964945051031676,0.995,0.99375,0.99375,1.9067974951017763,0.5624489978962548,0.050408051719588,0.0491666685339698
273,273,273,blosum45,False,6400,0.05,0.7,hf_uniref50_mutbpe_0.7_3_12_0.05_6400.json,0.0921875,0.84828125,3.36046875,0.6607092697540484,0.999375,0.981875,0.9365625,2.3935215781695387,0.6770870974921499,0.0897840262813334,0.3002872992775273
274,274,274,blosum45,False,1600,0.1,0.8,hf_uniref50_mutbpe_0.8_3_12_0.1_1600.json,0.20375,0.515,2.78625,0.5357147622023551,0.9975,0.996875,0.996875,2.078510562063077,0.5939156793474798,0.0921768264602748,0.0938740240831835
275,275,275,blosum45,False,12800,0.1,0.7,hf_uniref50_mutbpe_0.7_3_12_0.1_12800.json,0.081484375,0.887265625,3.645625,0.6494575137098867,0.9996875,0.949609375,0.836640625,2.5714811385731364,0.7566887871793904,0.1054538595126291,0.3775139871607987
276,276,276,blosum45,False,25600,0.1,0.8,hf_uniref50_mutbpe_0.8_3_12_0.1_25600.json,0.1655859375,0.7912890625,3.8662890625,0.927954920470108,0.9787109375,0.794453125,0.6271484375,2.774544581280633,0.8656173927579248,0.2103168258351407,0.3169771972428772
277,277,277,blosum45,False,12800,0.05,0.9,hf_uniref50_mutbpe_0.9_3_12_0.05_12800.json,0.221640625,0.29328125,3.7371875,1.2014750794715383,0.990546875,0.96484375,0.92109375,2.6176241169112333,0.8224241733057314,0.0653744492766637,0.0446139290249403
278,278,278,blosum45,False,12800,0.2,0.8,hf_uniref50_mutbpe_0.8_3_12_0.2_12800.json,0.18859375,0.730234375,3.657890625,0.6483948608131834,0.999609375,0.9871875,0.901015625,2.5984652502703294,0.771092469368135,0.1848038190344059,0.2496879188754673
279,279,279,blosum45,False,25600,0.2,0.7,hf_uniref50_mutbpe_0.7_3_12_0.2_25600.json,0.09109375,0.889453125,3.8504296875,0.864739914126925,0.9986328125,0.84421875,0.6346484375,2.798075878507076,0.861196124020089,0.1317214591827972,0.4652539782448714
280,280,280,blosum45,False,800,0.05,0.9,hf_uniref50_mutbpe_0.9_3_12_0.05_800.json,0.01125,0.01125,2.52,0.5873936406800717,0.995,0.99375,0.99375,1.945772694645198,0.5625701955190225,0.0028317353465896,0.0008666082830303
281,281,281,blosum45,False,25600,0.005,0.8,hf_uniref50_mutbpe_0.8_3_12_0.005_25600.json,0.14265625,0.8198046875,3.9705078125,1.1312329606183698,0.8613671875,0.71109375,0.5808203125,2.729870147816948,0.8570059931089755,0.2049629143586591,0.3030483096710893
282,282,282,blosum45,False,12800,0.1,0.9,hf_uniref50_mutbpe_0.9_3_12_0.1_12800.json,0.219921875,0.286171875,3.7259375,1.1785842212019173,0.9971875,0.97515625,0.930390625,2.620399436668494,0.8228171682400917,0.0643196810362154,0.0447833387281172
283,283,283,blosum45,False,1600,0.2,0.8,hf_uniref50_mutbpe_0.8_3_12_0.2_1600.json,0.21875,0.48875,2.7725,0.4958804653315513,0.9975,0.996875,0.996875,2.091205602729531,0.5940281002773679,0.0968773493651125,0.0940049448080555
284,284,284,blosum45,False,51200,0,0.9,hf_uniref50_mutbpe_0.9_3_12_0_51200.json,0.27158203125,0.39703125,4.26970703125,1.89058207547374,0.85185546875,0.53478515625,0.3348828125,3.0198184008216664,1.0664795913063292,0.1316377707182414,0.0886369142471072
285,285,285,blosum45,False,25600,0.2,0.9,hf_uniref50_mutbpe_0.9_3_12_0.2_25600.json,0.2474609375,0.3193359375,3.9216015625,1.4241730413645597,0.9944140625,0.9018359375,0.67734375,2.826392010705195,0.925919849964424,0.0919078050198167,0.0670804390662974
286,286,286,blosum45,False,1600,0.05,0.8,hf_uniref50_mutbpe_0.8_3_12_0.05_1600.json,0.2,0.523125,2.79625,0.5555887523957067,0.9975,0.996875,0.996875,2.073671491472003,0.5946908171510631,0.0912261048980425,0.0930911501871793
287,287,287,pam70,False,800,0.05,0.9,hf_uniref50_mutbpe_0.9_3_12_0.05_800.json,0.0,0.0,2.5225,0.6041108651744125,0.995,0.99375,0.99375,1.94728589244961,0.5655563080195889,0.0,0.0
288,288,288,pam70,False,800,0.2,0.8,hf_uniref50_mutbpe_0.8_3_12_0.2_800.json,0.185,0.2625,2.52875,0.5870299760156428,0.995,0.99375,0.99375,1.9312310122259333,0.5627706633605118,0.0548439145507068,0.0372350440387609
289,289,289,pam70,False,1600,0.1,0.8,hf_uniref50_mutbpe_0.8_3_12_0.1_1600.json,0.2575,0.39125,2.788125,0.5416801364563728,0.9975,0.996875,0.996875,2.096063205919738,0.5901037978869398,0.0992937593381704,0.0707107511207225
290,290,290,pam70,False,51200,0.05,0.9,hf_uniref50_mutbpe_0.9_3_12_0.05_51200.json,0.0531640625,0.07650390625,4.392890625,2.832914237660748,0.921640625,0.5312109375,0.3337109375,3.0543571084825683,1.198441490312054,0.0091273468930216,0.0041909370950806
291,291,291,pam70,False,12800,0,0.9,hf_uniref50_mutbpe_0.9_3_12_0_12800.json,0.006875,0.013125,3.7496875,1.2511108822649786,0.990625,0.98640625,0.984609375,2.6360951680601183,0.8296494948655516,0.0011348651053464,0.0003276513427509
292,292,292,pam70,False,1600,0.2,0.8,hf_uniref50_mutbpe_0.8_3_12_0.2_1600.json,0.2575,0.370625,2.77375,0.5064298885532058,0.9975,0.996875,0.996875,2.104193145509651,0.587567485268093,0.0972149995187682,0.071316456110331
293,293,293,pam70,False,12800,0.005,0.9,hf_uniref50_mutbpe_0.9_3_12_0.005_12800.json,0.006875,0.01296875,3.749765625,1.2504081464105907,0.99078125,0.986484375,0.9846875,2.6361425950000457,0.8298063493842628,0.0011352429673735,0.0003277763857309
294,294,294,pam70,False,3200,0.05,0.8,hf_uniref50_mutbpe_0.8_3_12_0.05_3200.json,0.259375,0.505,3.06625,0.6438093396111564,0.99875,0.9971875,0.9884375,2.256072705232434,0.6151468596061777,0.1354884023709185,0.1077484553625472
295,295,295,pam70,False,6400,0.05,0.8,hf_uniref50_mutbpe_0.8_3_12_0.05_6400.json,0.23640625,0.61828125,3.41625,0.7369333703336406,0.999375,0.97390625,0.9384375,2.4074401192832084,0.6877727106001359,0.1650118838170409,0.149987992682228
296,296,296,pam70,False,1600,0.005,0.7,hf_uniref50_mutbpe_0.7_3_12_0.005_1600.json,0.12125,0.649375,2.868125,0.688135117973111,0.99625,0.98,0.964375,2.059227202254296,0.6114995333610856,0.0638280663787244,0.1385803579688776
297,297,297,pam70,False,25600,0.1,0.7,hf_uniref50_mutbpe_0.7_3_12_0.1_25600.json,0.12359375,0.854921875,3.8626171875,0.9743341872375014,0.9823046875,0.792265625,0.61546875,2.7718551960463,0.8542083737906842,0.1651897170530865,0.4147613778615663
298,298,298,pam70,False,3200,0,0.8,hf_uniref50_mutbpe_0.8_3_12_0_3200.json,0.2515625,0.5196875,3.1121875,0.8022172866645575,0.9784375,0.9625,0.9515625,2.246056089969237,0.6126352153976821,0.1339646743177321,0.1052594231377747
299,299,299,pam70,False,12800,0.1,0.8,hf_uniref50_mutbpe_0.8_3_12_0.1_12800.json,0.22765625,0.68125,3.689375,0.6739232831774841,0.999609375,0.950625,0.86921875,2.587768754573202,0.7756951177027542,0.1964818391243405,0.2031188302708084
300,300,300,pam70,False,3200,0.2,0.7,hf_uniref50_mutbpe_0.7_3_12_0.2_3200.json,0.1784375,0.693125,3.0125,0.5326184382372003,0.99875,0.9984375,0.9984375,2.26787803705761,0.6180155053814336,0.1041216271415631,0.2118587508557744
301,301,301,pam70,False,25600,0.005,0.7,hf_uniref50_mutbpe_0.7_3_12_0.005_25600.json,0.1025390625,0.878671875,3.992890625,1.1101790852041202,0.8418359375,0.6925390625,0.5655078125,2.7169384023489163,0.8425808240726078,0.1569506577775922,0.3951748240584625
302,302,302,pam70,False,1600,0.05,0.9,hf_uniref50_mutbpe_0.9_3_12_0.05_1600.json,0.0,0.0,2.77125,0.5040657089103682,0.9975,0.996875,0.996875,2.125304531942497,0.5844836090530074,0.0,0.0
303,303,303,pam70,False,25600,0.2,0.8,hf_uniref50_mutbpe_0.8_3_12_0.2_25600.json,0.24109375,0.6888671875,3.893515625,1.3038917667333638,0.99859375,0.851484375,0.67515625,2.8047667884076857,0.9093410552479356,0.2300194084172442,0.2608190833801324
304,304,304,pam70,False,12800,0.2,0.7,hf_uniref50_mutbpe_0.7_3_12_0.2_12800.json,0.147734375,0.811953125,3.6484375,0.6380130172683957,0.999609375,0.991015625,0.902265625,2.598326402090976,0.7652339627285879,0.1471564290502436,0.340459759099986
305,305,305,pam70,False,6400,0.2,0.7,hf_uniref50_mutbpe_0.7_3_12_0.2_6400.json,0.1653125,0.76203125,3.36796875,0.666483049461549,0.999375,0.9990625,0.9984375,2.427388849355689,0.6893194596052465,0.1257187563564886,0.2735736176563973
306,306,306,pam70,False,6400,0,0.8,hf_uniref50_mutbpe_0.8_3_12_0_6400.json,0.225625,0.6346875,3.4940625,0.9653938930859394,0.9515625,0.91109375,0.87859375,2.391992759886693,0.6802654871381262,0.1628535742005122,0.1455214340025638
307,307,307,pam70,False,3200,0,0.9,hf_uniref50_mutbpe_0.9_3_12_0_3200.json,0.0028125,0.0071875,3.0890625,0.7344548597942123,0.9965625,0.9934375,0.9928125,2.2974244773043297,0.623487378995683,0.0003548169805832,6.967579571887405e-05
308,308,308,pam70,False,25600,0.1,0.9,hf_uniref50_mutbpe_0.9_3_12_0.1_25600.json,0.0132421875,0.0180859375,3.954296875,1.5409374915344607,0.9897265625,0.9777734375,0.6738671875,2.84152495811225,0.939183504164912,0.0022381659240361,0.0010355386380618
309,309,309,pam70,False,6400,0.1,0.7,hf_uniref50_mutbpe_0.7_3_12_0.1_6400.json,0.15140625,0.78203125,3.35125,0.6594060794070628,0.999375,0.99828125,0.97234375,2.4119720993035947,0.6798331757268374,0.1214785498379421,0.2744992592904298
310,310,310,pam70,False,3200,0.005,0.8,hf_uniref50_mutbpe_0.8_3_12_0.005_3200.json,0.2528125,0.518125,3.1028125,0.7733394996462002,0.9846875,0.9675,0.9565625,2.2472971653895373,0.6132143235246833,0.1340854211428659,0.1056032085721189
311,311,311,pam70,False,6400,0.005,0.8,hf_uniref50_mutbpe_0.8_3_12_0.005_6400.json,0.2275,0.6321875,3.46640625,0.8942155225698183,0.9625,0.92109375,0.8878125,2.39458990792514,0.6817415066820753,0.1632370071822785,0.1463213510359328
312,312,312,pam70,False,3200,0.1,0.7,hf_uniref50_mutbpe_0.7_3_12_0.1_3200.json,0.1659375,0.7134375,3.008125,0.5379585687525383,0.99875,0.9984375,0.9984375,2.256753171577565,0.6186019970243348,0.1006578521247976,0.2137332432329053
313,313,313,pam70,False,51200,0,0.7,hf_uniref50_mutbpe_0.7_3_12_0_51200.json,0.0951144263063344,0.89397016324299,4.205069124423964,1.332722384239625,0.7293407795048036,0.4845348746387565,0.3316214949621182,2.915276190566543,0.929687627395361,0.1795713363552166,0.4687437206058471
314,314,314,pam70,False,25600,0.05,0.8,hf_uniref50_mutbpe_0.8_3_12_0.05_25600.json,0.2195703125,0.726484375,3.9065625,0.9292840210343002,0.9533984375,0.79734375,0.64203125,2.7776223698966747,0.8754585377911871,0.2335592138969714,0.2590441256134799
315,315,315,pam70,False,6400,0,0.9,hf_uniref50_mutbpe_0.9_3_12_0_6400.json,0.003125,0.00734375,3.45734375,0.8256660728063153,0.99578125,0.99328125,0.9921875,2.4584026873736904,0.7113764974223856,0.0005501284707206,0.0001008920725942
316,316,316,pam70,False,1600,0.05,0.7,hf_uniref50_mutbpe_0.7_3_12_0.05_1600.json,0.131875,0.63875,2.826875,0.5870418389692832,0.9975,0.996875,0.996875,2.0741433009540904,0.6122702564246892,0.0664431178007651,0.1444001365329901
317,317,317,pam70,False,12800,0.2,0.9,hf_uniref50_mutbpe_0.9_3_12_0.2_12800.json,0.002578125,0.00328125,3.7215625,1.1935724136594967,0.997578125,0.995546875,0.994140625,2.638519581041044,0.8295832524839544,0.0003861493775577,0.0001925976666941
318,318,318,pam70,False,12800,0.05,0.7,hf_uniref50_mutbpe_0.7_3_12_0.05_12800.json,0.12578125,0.839140625,3.665859375,0.7472051499594132,0.989765625,0.89734375,0.807890625,2.561762535570988,0.7518274165702027,0.1384963509379787,0.3348285199632309
319,319,319,pam70,False,800,0.2,0.9,hf_uniref50_mutbpe_0.9_3_12_0.2_800.json,0.0,0.0,2.5225,0.6041108651744125,0.995,0.99375,0.99375,1.94728589244961,0.5655563080195889,0.0,0.0
320,320,320,pam70,False,51200,0.1,0.7,hf_uniref50_mutbpe_0.7_3_12_0.1_51200.json,0.1177481400480365,0.8674503524633379,4.084747417547011,1.1999332485490033,0.8484895823162992,0.5189314795649372,0.3322918904141688,2.977840886531433,0.950183417981263,0.1878982833446951,0.4888254212228906
321,321,321,pam70,False,51200,0.005,0.7,hf_uniref50_mutbpe_0.7_3_12_0.005_51200.json,0.0956407952814343,0.8934611929221514,4.183469395726729,1.295264894974092,0.7331549548845748,0.4857622749111362,0.331764384203742,2.917284264953324,0.92978524951625,0.1798156744856299,0.4696416165276672
322,322,322,pam70,False,800,0,0.9,hf_uniref50_mutbpe_0.9_3_12_0_800.json,0.0,0.0,2.5225,0.6041108651744125,0.995,0.99375,0.99375,1.94728589244961,0.5655563080195889,0.0,0.0
323,323,323,pam70,False,51200,0.2,0.8,hf_uniref50_mutbpe_0.8_3_12_0.2_51200.json,0.24154296875,0.69580078125,4.14767578125,1.5076024548202,0.907890625,0.54064453125,0.33923828125,3.024950007834134,1.026178016911531,0.2663362202504571,0.3174397940648163
324,324,324,pam70,False,51200,0.1,0.9,hf_uniref50_mutbpe_0.9_3_12_0.1_51200.json,0.04736328125,0.06447265625,4.3785546875,2.835802406638269,0.93271484375,0.53119140625,0.3334375,3.058392616815092,1.2013794164162028,0.0081449587568328,0.0040431740042531
325,325,325,pam70,False,12800,0.005,0.8,hf_uniref50_mutbpe_0.8_3_12_0.005_12800.json,0.20796875,0.709765625,3.747734375,0.8571924136620487,0.9334375,0.861484375,0.793671875,2.558629351838328,0.7662808589561508,0.1931377851667,0.1957950679637833
326,326,326,pam70,False,800,0.1,0.7,hf_uniref50_mutbpe_0.7_3_12_0.1_800.json,0.09,0.485,2.57125,0.6065338338580282,0.995,0.99375,0.99375,1.9058660124765083,0.5781854017301619,0.0378599719162704,0.0816979656136689
327,327,327,pam70,False,800,0.005,0.8,hf_uniref50_mutbpe_0.8_3_12_0.005_800.json,0.18125,0.2825,2.55125,0.6207697893859428,0.995,0.99375,0.99125,1.92279640277266,0.5623339943784943,0.0548990843547725,0.0361106282980957
328,328,328,pam70,False,51200,0.05,0.8,hf_uniref50_mutbpe_0.8_3_12_0.05_51200.json,0.2136439982813171,0.7456154056482168,4.158079762509277,1.3365118731516925,0.8283465489629311,0.5417952423733448,0.3396156400140619,2.986841384084652,0.9918524540655216,0.2703057968811466,0.3154675296518404
329,329,329,pam70,False,12800,0,0.8,hf_uniref50_mutbpe_0.8_3_12_0_12800.json,0.206640625,0.71125,3.76484375,0.899000655662254,0.92734375,0.856015625,0.789140625,2.5567843184295134,0.7658154134911589,0.1928270201639375,0.1952685984580199
330,330,330,pam70,False,800,0,0.7,hf_uniref50_mutbpe_0.7_3_12_0_800.json,0.08,0.49625,2.59875,0.6448008589360018,0.99125,0.985,0.98125,1.8934147286164944,0.5753712890134447,0.0349698824102081,0.0773224381820487
331,331,331,pam70,False,25600,0,0.7,hf_uniref50_mutbpe_0.7_3_12_0_25600.json,0.1013671875,0.87984375,4.0462109375,1.2165173841410246,0.829453125,0.6844921875,0.5612890625,2.7124749746528325,0.8421753386296994,0.1564215071480851,0.3932233873132983
332,332,332,pam70,False,800,0.05,0.7,hf_uniref50_mutbpe_0.7_3_12_0.05_800.json,0.08625,0.48875,2.57875,0.6178799697929519,0.995,0.99375,0.99375,1.901650190943508,0.5773738583367962,0.036656890361356,0.0803099859187167
333,333,333,pam70,False,800,0,0.8,hf_uniref50_mutbpe_0.8_3_12_0_800.json,0.18125,0.2825,2.55125,0.6207697893859428,0.995,0.99375,0.99125,1.92279640277266,0.5623339943784943,0.0548990843547725,0.0361106282980957
334,334,334,pam70,False,3200,0.1,0.9,hf_uniref50_mutbpe_0.9_3_12_0.1_3200.json,0.00125,0.001875,3.0675,0.6475529237031993,0.99875,0.9984375,0.998125,2.298621248598616,0.6237609824653035,0.000148255073113,4.477781115046456e-05
335,335,335,pam70,False,1600,0,0.7,hf_uniref50_mutbpe_0.7_3_12_0_1600.json,0.115625,0.655,2.944375,0.8841772815961778,0.97125,0.95,0.935625,2.050955261679592,0.6111310610208688,0.0622670246078375,0.1352912876056071
336,336,336,pam70,False,6400,0.1,0.9,hf_uniref50_mutbpe_0.9_3_12_0.1_6400.json,0.00140625,0.00203125,3.435,0.7333034985193866,0.99921875,0.9984375,0.9975,2.4595937148916143,0.7115747792659478,0.0002425695564312,6.514471130554226e-05
337,337,337,pam70,False,25600,0.05,0.9,hf_uniref50_mutbpe_0.9_3_12_0.05_25600.json,0.01546875,0.022890625,3.9655078125,1.554064209404907,0.984921875,0.973046875,0.6744140625,2.840182978999264,0.9391736676639708,0.0026428873557198,0.0011048830129532
338,338,338,pam70,False,6400,0.2,0.9,hf_uniref50_mutbpe_0.9_3_12_0.2_6400.json,0.000625,0.0009375,3.43203125,0.7257496454418979,0.99921875,0.99890625,0.9984375,2.459780207758456,0.7118227822709942,8.460560447091146e-05,3.857837680868105e-05
339,339,339,pam70,False,6400,0.005,0.9,hf_uniref50_mutbpe_0.9_3_12_0.005_6400.json,0.003125,0.006875,3.4553125,0.8177606720792459,0.99625,0.99375,0.99265625,2.458514689910533,0.7114497091225535,0.000550264653741,0.0001004521904244
340,340,340,pam70,False,3200,0.005,0.9,hf_uniref50_mutbpe_0.9_3_12_0.005_3200.json,0.0028125,0.0065625,3.0871875,0.7278402208948301,0.9971875,0.9940625,0.9934375,2.2975712020995043,0.6236429890442345,0.0003548396409359,6.936870943669907e-05
341,341,341,pam70,False,3200,0.2,0.9,hf_uniref50_mutbpe_0.9_3_12_0.2_3200.json,0.0003125,0.000625,3.0625,0.62896134429426,0.99875,0.9984375,0.9984375,2.298856023074877,0.6233920826182933,3.3353005718845594e-05,1.963775103072217e-05
342,342,342,pam70,False,12800,0.005,0.7,hf_uniref50_mutbpe_0.7_3_12_0.005_12800.json,0.11609375,0.850625,3.763046875,0.994646234731823,0.91078125,0.824296875,0.751484375,2.5375458838574265,0.7434943080661287,0.1357532522271698,0.3256772402877615
343,343,343,pam70,False,25600,0.2,0.7,hf_uniref50_mutbpe_0.7_3_12_0.2_25600.json,0.1399609375,0.834765625,3.858046875,0.9709669214345154,0.99890625,0.8399609375,0.6419921875,2.7976102701533248,0.860784584158297,0.1720429223763923,0.4159775249670955
344,344,344,pam70,False,6400,0.1,0.8,hf_uniref50_mutbpe_0.8_3_12_0.1_6400.json,0.24015625,0.60859375,3.41,0.7014106296501031,0.999375,0.99515625,0.96546875,2.414978922757528,0.6913528955932993,0.1652143635240363,0.1515309653180578
345,345,345,pam70,False,12800,0.2,0.8,hf_uniref50_mutbpe_0.8_3_12_0.2_12800.json,0.239140625,0.656640625,3.685,0.6408204367030265,0.99953125,0.98515625,0.907578125,2.602122751214475,0.7796737946890848,0.1924085975599357,0.2036924980403157
346,346,346,pam70,False,3200,0.1,0.8,hf_uniref50_mutbpe_0.8_3_12_0.1_3200.json,0.263125,0.4971875,3.0625,0.6344048563224742,0.99875,0.9984375,0.9984375,2.260982997964138,0.616146905637326,0.1361441286699325,0.1086673450830583
347,347,347,pam70,False,25600,0.1,0.8,hf_uniref50_mutbpe_0.8_3_12_0.1_25600.json,0.2276953125,0.7130859375,3.8981640625,1.2954727654265272,0.98,0.8196875,0.6566015625,2.7898508354764293,0.9062447487628226,0.234387721841169,0.2611112407091351
348,348,348,pam70,False,12800,0.1,0.7,hf_uniref50_mutbpe_0.7_3_12_0.1_12800.json,0.132890625,0.831015625,3.65125,0.6857734163188105,0.999609375,0.940390625,0.84265625,2.5760068349112326,0.7564001060941852,0.1413031506211661,0.3391474244619126
349,349,349,pam70,False,1600,0.05,0.8,hf_uniref50_mutbpe_0.8_3_12_0.05_1600.json,0.254375,0.398125,2.795625,0.5514035618809824,0.9975,0.996875,0.996875,2.0926827459645847,0.5907680370343786,0.0986521848437619,0.0701714577359906
350,350,350,pam70,False,6400,0.005,0.7,hf_uniref50_mutbpe_0.7_3_12_0.005_6400.json,0.1371875,0.79984375,3.4471875,0.9982129191109386,0.95140625,0.90671875,0.87125,2.382461706578373,0.6672896709520006,0.1174763761306366,0.2637684133947237
351,351,351,pam70,False,25600,0.05,0.7,hf_uniref50_mutbpe_0.7_3_12_0.05_25600.json,0.1140234375,0.86546875,3.8884765625,1.01399636291572,0.937734375,0.75328125,0.5970703125,2.7515477741178787,0.8511718833807724,0.1608494917609989,0.4084536784554767
352,352,352,pam70,False,3200,0.2,0.8,hf_uniref50_mutbpe_0.8_3_12_0.2_3200.json,0.261875,0.473125,3.055625,0.5906690168485501,0.99875,0.9984375,0.9984375,2.271859701797522,0.6179617058706174,0.1321356014698083,0.1095223841822587
353,353,353,pam70,False,25600,0.2,0.9,hf_uniref50_mutbpe_0.9_3_12_0.2_25600.json,0.010234375,0.0128125,3.943046875,1.5241453209851217,0.9941796875,0.9829296875,0.6741015625,2.8428437321157225,0.93877436708489,0.0016553436518091,0.0008908249272679
354,354,354,pam70,False,12800,0.05,0.8,hf_uniref50_mutbpe_0.8_3_12_0.05_12800.json,0.221015625,0.692578125,3.6965625,0.7085389223498773,0.9909375,0.919921875,0.841875,2.577701023196357,0.7721849806760153,0.195937739311942,0.201207102105613
355,355,355,pam70,False,51200,0,0.8,hf_uniref50_mutbpe_0.8_3_12_0_51200.json,0.200859375,0.763984375,4.2039453125,1.3734386688039109,0.783828125,0.53734375,0.339296875,2.9633163645792706,0.9757469272373978,0.2681010014100745,0.3099272300821615
356,356,356,pam70,False,12800,0.1,0.9,hf_uniref50_mutbpe_0.9_3_12_0.1_12800.json,0.00421875,0.00640625,3.732109375,1.2184098105131924,0.996953125,0.9928125,0.99109375,2.637871544704591,0.8304379390997524,0.0007103498860674,0.000280658548473
357,357,357,pam70,False,51200,0.005,0.8,hf_uniref50_mutbpe_0.8_3_12_0.005_51200.json,0.2012890625,0.76357421875,4.1979296875,1.3615681619598727,0.784921875,0.53818359375,0.33927734375,2.9639809136406274,0.9747459883503224,0.2681508099967339,0.3101801329421892
358,358,358,pam70,False,6400,0.2,0.8,hf_uniref50_mutbpe_0.8_3_12_0.2_6400.json,0.2459375,0.58421875,3.41125,0.6724537849004972,0.999375,0.99921875,0.995625,2.4280220470626324,0.6968112625617984,0.1608239390056873,0.1525487732274693
359,359,359,pam70,False,3200,0.005,0.7,hf_uniref50_mutbpe_0.7_3_12_0.005_3200.json,0.1509375,0.731875,3.0246875,0.5951375566337889,0.991875,0.9703125,0.95375,2.2363242126040364,0.6176637025976193,0.096329141125316,0.2070729940685913
360,360,360,pam70,False,800,0.2,0.7,hf_uniref50_mutbpe_0.7_3_12_0.2_800.json,0.10375,0.4625,2.56125,0.5993308220781458,0.995,0.99375,0.99375,1.9158898591285851,0.5773803886963415,0.0409728163545235,0.0809849568587787
361,361,361,pam70,False,6400,0.05,0.9,hf_uniref50_mutbpe_0.9_3_12_0.05_6400.json,0.00234375,0.003125,3.43875,0.7488064159723419,0.99921875,0.9975,0.99640625,2.4593719837855423,0.7116032990974934,0.0004507474237089,8.270187009603754e-05
362,362,362,pam70,False,1600,0.2,0.7,hf_uniref50_mutbpe_0.7_3_12_0.2_1600.json,0.154375,0.611875,2.784375,0.5128793841286322,0.9975,0.996875,0.996875,2.0928228940928757,0.603261084061484,0.0728558307423232,0.146464512699339
363,363,363,pam70,False,1600,0,0.8,hf_uniref50_mutbpe_0.8_3_12_0_1600.json,0.248125,0.4075,2.809375,0.5880078274378711,0.994375,0.990625,0.986875,2.0879688520247512,0.5907485566624819,0.0974033885323365,0.069290693139086
364,364,364,pam70,False,3200,0.05,0.9,hf_uniref50_mutbpe_0.9_3_12_0.05_3200.json,0.0021875,0.0028125,3.0696875,0.6557175585323893,0.99875,0.9978125,0.9971875,2.2984218593167896,0.6236086252245305,0.0002741494044652,5.37079356227804e-05
365,365,365,pam70,False,1600,0.005,0.8,hf_uniref50_mutbpe_0.8_3_12_0.005_1600.json,0.249375,0.40625,2.806875,0.5786077913709311,0.99625,0.9925,0.98875,2.088536102626618,0.5907455204255206,0.0976328051451129,0.069378427865592
366,366,366,pam70,False,1600,0,0.9,hf_uniref50_mutbpe_0.9_3_12_0_1600.json,0.0,0.0,2.77125,0.5040657089103682,0.9975,0.996875,0.996875,2.125304531942497,0.5844836090530074,0.0,0.0
367,367,367,pam70,False,6400,0.05,0.7,hf_uniref50_mutbpe_0.7_3_12_0.05_6400.json,0.14625,0.78828125,3.3484375,0.6793201853362997,0.999375,0.97859375,0.94171875,2.4029689826441523,0.67601776592276,0.1198709202201854,0.27188362661962
368,368,368,pam70,False,800,0.1,0.9,hf_uniref50_mutbpe_0.9_3_12_0.1_800.json,0.0,0.0,2.5225,0.6041108651744125,0.995,0.99375,0.99375,1.94728589244961,0.5655563080195889,0.0,0.0
369,369,369,pam70,False,25600,0.005,0.9,hf_uniref50_mutbpe_0.9_3_12_0.005_25600.json,0.01765625,0.029453125,3.983671875,1.5819746053118662,0.97828125,0.9665234375,0.674140625,2.8381820334587182,0.9384866907670356,0.0030153459893371,0.0011284777787883
370,370,370,pam70,False,3200,0.05,0.7,hf_uniref50_mutbpe_0.7_3_12_0.05_3200.json,0.1596875,0.7209375,3.00875,0.5373673567949551,0.99875,0.9984375,0.9928125,2.249207539267229,0.6170868068339291,0.0984033876991063,0.2114703360301887
371,371,371,pam70,False,25600,0,0.9,hf_uniref50_mutbpe_0.9_3_12_0_25600.json,0.0176171875,0.02953125,3.98375,1.5820494876181042,0.9782421875,0.9664453125,0.6739453125,2.8381354317860685,0.9384697635629268,0.0030152964787119,0.0011305116934777
372,372,372,pam70,False,1600,0.1,0.7,hf_uniref50_mutbpe_0.7_3_12_0.1_1600.json,0.13625,0.634375,2.809375,0.5585535768271174,0.9975,0.996875,0.996875,2.080678104901699,0.6113243730165226,0.0681926779258452,0.1469110361134514
373,373,373,pam70,False,51200,0,0.9,hf_uniref50_mutbpe_0.9_3_12_0_51200.json,0.0561328125,0.08447265625,4.410078125,2.842293852194646,0.91365234375,0.53123046875,0.3333984375,3.051411736051519,1.197486159195219,0.0096925573439761,0.0041769656467125
374,374,374,pam70,False,12800,0.05,0.9,hf_uniref50_mutbpe_0.9_3_12_0.05_12800.json,0.005,0.007734375,3.733984375,1.2193973834072478,0.995703125,0.991640625,0.98984375,2.6375476458929343,0.8303140382270194,0.0009170947753612,0.0003024398082791
375,375,375,pam70,False,51200,0.005,0.9,hf_uniref50_mutbpe_0.9_3_12_0.005_51200.json,0.05619140625,0.08455078125,4.41138671875,2.83968124219531,0.91353515625,0.531171875,0.333515625,3.05139237741016,1.1975730154191615,0.0096930475188545,0.0041817662249109
376,376,376,pam70,False,51200,0.2,0.7,hf_uniref50_mutbpe_0.7_3_12_0.2_51200.json,0.1371350454057221,0.8427106727858608,4.1032711649253,1.3427371932222618,0.9087784396055072,0.530827067669173,0.3348891709793965,3.0101112867374256,0.9834508261564704,0.1949589956847444,0.4897896683655769
377,377,377,pam70,False,3200,0,0.7,hf_uniref50_mutbpe_0.7_3_12_0_3200.json,0.148125,0.7346875,3.06625,0.7336750982105716,0.97625,0.9521875,0.93625,2.2316184628742173,0.6171403768478684,0.0955920622099642,0.2051909686779575
378,378,378,pam70,False,1600,0.1,0.9,hf_uniref50_mutbpe_0.9_3_12_0.1_1600.json,0.0,0.0,2.77125,0.5040657089103682,0.9975,0.996875,0.996875,2.125304531942497,0.5844836090530074,0.0,0.0
379,379,379,pam70,False,51200,0.1,0.8,hf_uniref50_mutbpe_0.8_3_12_0.1_51200.json,0.2234829990430248,0.7294494463215045,4.142022928344042,1.3638861132694269,0.8597933714821397,0.5419994922172529,0.3406831630959123,3.003026789667436,1.0040426713239503,0.2709202064949205,0.3178621852444139
380,380,380,pam70,False,6400,0,0.7,hf_uniref50_mutbpe_0.7_3_12_0_6400.json,0.13328125,0.80375,3.535625,1.1948656569319125,0.92265625,0.879375,0.84765625,2.375369807397393,0.6632571142519413,0.1166505337809314,0.2608761702962797
381,381,381,pam70,False,800,0.005,0.9,hf_uniref50_mutbpe_0.9_3_12_0.005_800.json,0.0,0.0,2.5225,0.6041108651744125,0.995,0.99375,0.99375,1.94728589244961,0.5655563080195889,0.0,0.0
382,382,382,pam70,False,800,0.05,0.8,hf_uniref50_mutbpe_0.8_3_12_0.05_800.json,0.18625,0.27625,2.54,0.605275100623091,0.995,0.99375,0.99375,1.9260393204092248,0.5627075052929823,0.055813280549088,0.0368310440447709
383,383,383,pam70,False,12800,0,0.7,hf_uniref50_mutbpe_0.7_3_12_0_12800.json,0.1134375,0.853359375,3.865703125,1.2190425846456494,0.88609375,0.803984375,0.735703125,2.5305474990787062,0.7414849286674428,0.1348312242126339,0.3227129664429407
384,384,384,pam70,False,25600,0,0.8,hf_uniref50_mutbpe_0.8_3_12_0_25600.json,0.2041015625,0.7466796875,3.967890625,1.070242954195503,0.88484375,0.7509765625,0.6162109375,2.752832285076177,0.868015656855663,0.2299251600380732,0.2523912083263346
385,385,385,pam70,False,51200,0.05,0.7,hf_uniref50_mutbpe_0.7_3_12_0.05_51200.json,0.106983829388329,0.8801656120615577,4.1006757284587145,1.199281212082744,0.805386297945473,0.5057807983751269,0.330989766424498,2.954294737719173,0.9424052839139132,0.1832134875989975,0.4828411317183224
386,386,386,pam70,False,51200,0.2,0.9,hf_uniref50_mutbpe_0.9_3_12_0.2_51200.json,0.03705078125,0.046015625,4.418125,3.388094560324747,0.94736328125,0.53140625,0.33294921875,3.0637283947574274,1.2859526051211063,0.0063504205249579,0.003593263458398
387,387,387,pam70,False,800,0.1,0.8,hf_uniref50_mutbpe_0.8_3_12_0.1_800.json,0.18875,0.27125,2.535,0.5972611665983383,0.995,0.99375,0.99375,1.9283394418682809,0.5630497496168286,0.056401742300823,0.0372015182030622
388,388,388,pam70,False,800,0.005,0.7,hf_uniref50_mutbpe_0.7_3_12_0.005_800.json,0.08125,0.495,2.59375,0.6377455108982254,0.995,0.99375,0.99,1.8949369769688804,0.5758835669239866,0.035288084056859,0.0779023401457937
389,389,389,pam70,False,25600,0.005,0.8,hf_uniref50_mutbpe_0.8_3_12_0.005_25600.json,0.204765625,0.7459765625,3.9609375,1.055381509257769,0.8876171875,0.7523828125,0.6171875,2.7537159109055107,0.8682426801008707,0.2300585806012542,0.2526218263551346
390,390,390,pam70,False,1600,0.2,0.9,hf_uniref50_mutbpe_0.9_3_12_0.2_1600.json,0.0,0.0,2.77125,0.5040657089103682,0.9975,0.996875,0.996875,2.125304531942497,0.5844836090530074,0.0,0.0
391,391,391,pam70,False,1600,0.005,0.9,hf_uniref50_mutbpe_0.9_3_12_0.005_1600.json,0.0,0.0,2.77125,0.5040657089103682,0.9975,0.996875,0.996875,2.125304531942497,0.5844836090530074,0.0,0.0
